音乐剧,原创性,进度,首演日期,其他信息,制作公司,主创信息
她&她,原创,定档,2025-01-01,沉浸式新国风音乐剧,出品制作单位：上海晶英文化传媒（集团）有限公司 安徽省黄梅戏剧院,"
编剧：顾湘萍
导演：顾湘萍
音乐作曲·音乐总监：谭浩
戏曲作曲：程方圆
编舞：张爽
舞美设计：董东
灯光设计：徐飞
服装设计：陈悦懿
妆造发型设计：李梓涵
身段设计：张小威 张爽"
东门！东门,原创,定档,2025-01-02,,出品：中国国家话剧院,"
编剧作词：曹瑜 刘颖
导演：王哲
作曲、编曲：邓力
舞蹈编导：叶广南
舞美设计：陈斯
灯光设计：丁昀祎
服装设计：程方 张静
化妆设计：张静
道具设计：姜雪婷
音响设计：尚辉"
湾,原创,定档,2025-01-06,,出品单位：中国国家话剧院 深圳话剧院（筹） 深圳大剧院,"
编剧、导演、作曲：曲艺
舞美设计：陈斯
灯光设计：包力
服装设计：程方
道具设计：姜雪婷
多媒体设计：王晋宁
影像设计：郭静
化装设计：安娜
编曲：佟璐 曲艺
音效设计：周泓哲 刘沐旸
音响设计：唐国丰"
长安十二时辰,原创,定档,2025-02-14,"版权方：娱跃文化
原著：马伯庸","出品制作：四川省歌舞剧院有限责任公司 缪时客
联合出品：中演演出院线发展有限责任公司 合肥演艺集团","
导演：胡晓庆
作曲：安栋
编剧：王丽鹤 温昭逸
作词：吕学平 温昭逸
音乐总监：魏诗泉
编舞：汤杰 宋名名 陈也晨
舞美设计：陶象驹
灯光设计：杨子欣
服装设计：阳东霖
造型设计：贾雷
音响设计：郭隐星"
锦衣卫之刀与花,原创,上演,2024-12-24,,"
出品制作：上海剧伙音乐文化有限公司
联合出品：沐田居海 上海上玺文化传播有限公司 开心麻花 上海兜兜米文化传播有限公司 大幕小聚","导演/编舞：刘晓邑
编剧/作词：沈亮
作曲/编曲：张博
联合编剧/作词：孙浩程
舞美设计：徐肖寰
灯光设计：何逸伦 蔡雨阳
服化设计：刘善通 赵欣（饺子）
多媒体设计：马灵格
道具设计：李经伦
音效设计：陈天娇
音响设计：张效源"
Jessica,原创,上演,2024-12-24,,"
企划/制作：广州正佳光迈传媒有限公司","原版编剧/作词：崔容硕
作曲：金允炯
剧本润色/作词润色：思诺
导演：陈轶
音响设计：陈小丽
舞蹈编导：张期番
舞台设计：崔容硕
灯光设计：陈科文"
金风玉露,原创,上演,2024-12-23,"中国文联2024年重点创作目录项目
北京宣传文化引导基金资助
“大戏看北京”文艺创作孵化平台精品创作项目支持","
出品单位：北京市文学艺术界联合会 北京天桥盛世投资集团有限责任公司
联合出品：北京市文艺家服务中心 北京京都文化投资管理有限公司
制作单位：北京京都文化投资管理有限公司
联合制作：北京京剧院 北京市曲剧团 北京湖广会馆","编剧/作词/导演：李卓群
联合编剧/作词：孙钰熙
作曲：姜景洪
服装造型设计：蓝玲 张颖
舞蹈设计：王培先
多媒体设计：胡天骥
舞美/道具设计：郭爱伦
灯光设计：劳宣
音响设计：李想"
无间道,原创,上演,2024-12-20,,,"导演·编舞：长谷川宁
中方导演：徐栋
编剧：Wang Yong Beom
中方编剧：李宜橙
作曲：William Rousseau
作词：许钧
音乐总监·编曲：Björn Dobbelaere
舞台&道具设计：KISHIHARA
服装造型设计：Jo Moon Su 趙紋秀
音响设计：Tony Gayle
灯光设计：杨冬青
多媒体设计：周涛"
她对此感到厌烦,原创,上演,2024-12-20,原著《女主对此感到厌烦》作者 妚鹤,"
出品/制作：看了都说好Herstory
联合出品：摘星阁文化传媒有限公司","导演/编剧/作词：陈天然
作曲：潘炳屹 邓伟麟 楚笛
编曲：潘炳屹 邓伟麟
音乐总监：陈妍
音效设计：陈晨
舞蹈编导：刘咿伊
舞美设计：李祎
灯光设计：朱雨双
音响设计：潘炳屹
多媒体设计：李扬
服装造型设计：原储睿
妆发造型设计：凌艳"
战争与和平,原创,上演,2024-12-20,原著：列夫·尼古拉耶维奇·托尔斯泰,"
出品制作：国家大剧院","音乐总监/作曲：舒楠
编剧/作词：喻荣军
导演：阿丽娜·切维克
编舞：伊琳娜·科尔涅耶娃
舞美/服装设计：维亚切斯拉夫·奥库涅夫
灯光设计：邢辛
多媒体设计：胡天骥
音响设计：何飚
化装设计：任小秋"
被忽略的姓名,引进,上演,2024-12-13,"原版韩国《IF I were YOU》
原版制作：ART ROVER CO., Ltd.
编剧/作词：Jeong Chan Su
作曲/编曲：Han Hye Shin","
出品制作：MOriginal莫瑞吉
联合出品：亚华湖院线 思凡凡思","导演：程佩弦
中文剧本/歌词译配：石文婷
音乐总监：吴涵婧
舞蹈编导：梁燕妮
舞台总监：陈皓楠
舞美设计：张轶霖
灯光设计：鲍思彤
服化设计：原储睿
音响设计/音效设计：李雅雯"
杜十娘,原创,上演,2024-12-10,原著：冯梦龙,"
出品制作：中国国家话剧院","编剧 作词：王云骞
导演：吴俊达
作曲：刘乙如
联合导演：史妍
舞蹈编导：俞辰曦
编曲：童年
舞美设计：王琛
服装设计：任慧杰
道具设计：丁国力
灯光设计：亓华铮
多媒体设计：毛涵
音响设计：赵梦如
化装设计：李婵"
危险的怜悯,原创,上演,2024-12-06,改编自茨威格《心灵的焦灼》,"
出品制作：瑙音（上海）文化发展有限公司","编剧：金坤
改编：吴世爀 张瑞娟
作曲/音乐总监：李珍旭
中文编剧/作词：李文贤
导演：吴世爀
联合导演：曹旼英
联合音乐总监：洪娥英
舞台设计：金大韩
灯光设计：朴晟希
道具设计：金贞兰
服装造型设计：郑歆平
舞蹈编导：窦承俊
剧本翻译：周京谕"
正常营业,原创,上演,2024-12-06,,"
出品制作：町艺文化","导演：蒋汉卿
编剧/作词：刘思
作曲/编曲：徐肖
音乐总监：魏诗泉
编舞：罗雪
舞美设计：李贺
灯光设计：李泓晔
多媒体设计：王宋淇
造型设计：徐琪蓉"
再别康桥,原创,上演,2024-12-06,"作词：徐志摩
北京文化艺术基金资助项目","
出品制作：北京歌德永乐文化发展有限公司 剧乐现代 天津传媒学院 北京现代音乐研修学院","总导演：李罡
编剧：张健钟 秦华生 傅显舟 赵梅
作曲：傅显舟 赵梅
舞蹈编导：岳昊霖
文学统筹：李盈盈
编曲：方珲
舞美道具设计：郑金启
服装造型设计：魏小萌
音响设计：辛泰坤
灯光设计：赵光翠
多媒体设计：孙语蔓 王璞 王旭 徐晓婷"
一仆二主,原创,上演,2024-11-30,,,"编剧：李妮
导演：吴子敬
作曲：尚家子
编舞：李延玥"
咏春,原创,上演,2024-11-29,,"
出品制作：开心麻花",导演：马达
海上钢琴师,原创,上演,2024-11-26,原著：Alessandro Baricco,"
出品/制作团队：染空间_上海欢翼文化传播有限公司
联合出品：北京保利剧院管理有限公司 博派资本","编剧：文雅 章明珠
导演：Michael Fentiman
编舞：Julia Cheng鄭嘉欣
作曲：Dove Attia
作词：黄雅洁 EZ-Ven
编曲/音乐总监：孙钰涿
编曲/音乐指导：Kim Scharnberg
舞美设计：Alfons Flores
灯光设计：黄宇恒
服装设计：Robert Wun雲惟駿"
去你的夏天,原创,上演,2024-11-23,,"
出品：一台好戏文化传媒有限公司 一起享 伟思音乐","作曲&音乐总监：李伟菘 李偲菘
剧本策划：黄阳
编剧：付蕾
导演：高瑞嘉
编舞：刘艾
舞美/服化造型设计：刘启薇 Sheryl Liu
灯光设计：杨冬青
音响/音效设计：陈雪立
多媒体设计：沈含睿"
扬名立万,原创,上演,2024-11-15,,"
出品方：北京演艺集团 北京瀚宇星空文化有限公司
制作方：北京歌剧舞剧院音乐剧团
联合制作：北京瀚宇星空文化有限公司","导演：高瑞嘉
艺术总监：马达
作曲/音乐总监：胡水
编剧：王怡娃
作词：王怡娃 胡水
舞蹈编导：张恩淑（韩国）
孵化导演：李子南
舞台总监：徐欣
舞美设计：焦燃
灯光设计：郭欣海
音响设计：张效源
服装造型设计：曾韵竹
妆发设计：刘辉"
东楼,原创,上演,2024-11-14,说唱音乐剧,"
出品方：种梦音乐","导演：葛袁亮
音乐总监：卡斯
编剧：黄一鸣
编剧/作词：李文贤
舞蹈总监：贾文正
服装设计：何琼
舞美设计：王峥
多媒体设计：王城杰
灯光设计：王润杰"
一粒蚕豆,原创,上演,2024-11-02,,"
出品：一戏工作室","编剧/作词：何秋怡
导演/戏剧构作：杨佳润
作曲/编曲：李静茵"
潮起东方,原创,上演,2024-10-30,,"
出品单位：中国东方演艺集团 海尔集团","导演：张轩豪
音乐总监：谭旋
编剧：严栋瀚 王凌云
作词：胡水 刘旺
编舞：李勇
视觉总监：任冬生
舞美设计：焦燃
多媒体设计：胡天骥
灯光设计：王晶晶
造型设计：贾雷
服装设计：车成轩
音响设计：于乃坤"
新安江水碧悠悠,原创,上演,2024-10-25,,,
智造未来,原创,上演,2024-10-23,,"
出品：湖南省演艺集团
创作演出：湖南省歌舞剧院",
第十四个子夜,原创,上演,2024-10-19,,"
出品：北星音乐剧团 武汉然也文化有限公司
联合出品：武汉传媒学院","导演：文振宇
编剧/作词：李卓雨
作曲：唐飞
音乐总监：郑雅丽
舞美设计：贾思
灯光设计：杨天宇
音响设计：谢坤助
服装设计：王心怡"
太阳黑子,原创,上演,2024-10-11,原著作者：须一瓜,"
出品制作：上海魅鲸文化有限公司
联合出品：亚华湖院线 思凡凡思 杰鑫演艺","导演：周小倩
作曲：张博
音乐总监：魏诗泉
编剧：黄菀卿
舞蹈编导：崔健
执行导演：马良
声音设计：高扬
舞美设计：徐肖寰
灯光设计：何逸伦
服装设计：刘辉"
黑凤梨（喜欢你）,原创,上演,2024-10-02,,"
出品方：南方歌舞团","导演/编剧：刘溯溪
音乐总监/作曲：熊亮
编曲：熊亮 吴英仲
舞蹈编导：丁然 刘子豪
舞美设计：贺靖
灯光设计：郭戎
服装设计：高伟
造型设计：甄健芳 甄茜莹
音响设计：余心辉
音效设计：黎法禄
平面/多媒体设计：卢一鸣"
决斗,引进,上演,2024-10-01,"原版编剧：Lee Heuijun
原版作曲：Park Hyunsook","
出品/制作：上海一顿饭文化传播有限公司
联合出品：上海大世界 明崇传媒科技","导演：王杨
中方编剧：陶倩妮
中文版作词：范煜群
音乐总监：姚迪
编曲：蒋骁然
舞蹈编导：闫士俊
舞美设计：王石青
灯光设计：何逸伦
音响设计：李雅雯
服装造型设计：刘辉"
茶无此人,引进,上演,2024-10-01,"原版韩国
YEON-JAK授权
Book by Oh Sehyeok
Music by Damiro","
出品：浙江省文化产业投资集团有限公司 之江电影集团有限公司 浙江光影空间文化创意有限公司
联合出品：一台好戏文化传媒有限公司
制作：一台好戏文化传媒有限公司","导演：高瑞嘉
剧本润色/改编：金琪
歌词译配：苗杰
音乐总监：祁勃力
编舞：刘艾
舞美设计：刘启薇 Sheryl Liu
灯光设计：杨冬青
影像设计/影像技术：曹婵
音响/音效设计：陈雪立
服化设计：满琪玲"
大河长歌,原创,上演,2024-10-01,,"
出品单位：中共河曲县委 河曲县人民政府 中共河曲县委宣传部","总导演：郎昆
编剧：王铁军
作曲：李杰
作词：源子夫
导演：李猛
舞美设计：焦燃
多媒体设计：孔江
灯光设计：金德超
音响设计：于乃坤
服装、造型设计：魏小萌
舞蹈编导：纪世志"
永远的旋律之冰城之歌,原创,上演,2024-09-28,,"
出品：哈尔滨歌剧院","导演：张永庆
编剧：李辉 高长顺
作曲：祁勃力"
蓝士山河,原创,上演,2024-09-27,,"
出品方：成都迈达斯影视有限公司","总导演：逄婧 马明月
编剧：冯必烈 陈逸川
作曲：沈丹
舞蹈编导：徐桢
舞美设计：宋旸 郭尚
多媒体设计：樊浩洲 苏永健
灯光设计：曹亚蕾
服装设计：杨丹"
OZ,引进,上演,2024-09-21,"原版制作 AMUSE ENT
编剧/作词 Kim Sol Ji
作曲 Mun So Hyun
编曲 Yang Ji Hae & Ruve
原版制作人 Kiyoyama Kozue","
出品制作：MOriginal莫瑞吉
联合出品：亚华湖院线 思凡凡思 紫繁基姆","导演：杨洋
中文剧本/歌词译配：范煜群
音乐总监：陈若雨
舞蹈编导：王壹
舞美设计：王石青
灯光设计：鲍思彤
服化设计：樊凡 原储睿
音响设计：李雅雯
音效设计：李雅雯 简晖怡"
北上,原创,上演,2024-09-07,"北京文化艺术基金2023年度资助项目
茅盾文学奖作品改编
原著：徐则臣","
出品：北京广播电视台
制作：北京音乐广播 北京广播集团有限公司 北京京广传媒有限责任公司","导演：石路
作曲/音乐总监：张筱真
总编剧/作词：李大鹏
联合编剧/作词：孙浩程 张吟昕
编舞：刘旻姿
舞美设计：陶象驹
灯光设计：金德超
服装设计：阿宽
造型设计：王倩
多媒体设计：包尔温 徐婷
音响设计：曲乐"
女侠请留步,原创,上演,2024-08-17,,"
出品单位：深圳市龙岗区文化广电旅游体育局 深圳开心麻花华南总部基地有限公司 北京开心麻花演艺经纪有限公司","导演：吴江 郑一肖
音乐总监/作词作曲：郑一肖
编剧：姜砚梁 王赞
编曲：郝时雨 王文浩
说唱编创：张千
舞蹈编导：芦莹 陈小凤
舞美设计：李丹
灯光设计：杨冬青
音响设计：谢彬
服装造型设计：王姝媛"
星图,原创,上演,2024-08-16,,"
出品：上海剧伙音乐文化有限公司 开心麻花 上海上玺文化传播有限公司
制作：上海剧伙音乐文化有限公司 月离计划","导演/编舞：刘晓邑
作曲：徐肖 姚旭之
编曲：徐肖
作词：黄菀卿 SNOW
编剧：黄菀卿 陶倩妮 SNOW
音乐总监：魏诗泉
舞美设计：彭梦婕
灯光设计：周钰棋 陈若朦
服化设计：原储睿
音效设计：陈天娇
音响设计：张效源"
末日迷途,原创,上演,2024-08-08,强沉浸式末日灾难音乐剧,"
出品：涵金文化
联合出品：亚华湖院线","导演/编剧/作词：卡尔（伊斯卡尔·艾赛提）
作曲/编曲/音乐总监：游政豪
作词：玛莉 陈竟飞
编舞：罗雪
舞美设计：赵铭硕
灯光总设计：陈璐
音响设计：陈卓
音效设计：路遥
服装设计：徐思琪
多媒体设计：陈璐 潘瑶
道具设计/执行舞美设计：胡珺堃"
喜事喜事,原创,上演,2024-08-08,,"
出品制作：五嘉戏剧联盟","音乐策划、修改：锦棠
作词：锦棠
作曲：何言 李海言 毕琦 锦棠
舞美设计：王力红
灯光设计：王宏宇
服装设计：赵雨彤"
消失的她,原创,上演,2024-08-07,,"
出品方&制作方：北京蹦擦擦娱乐文化有限公司
联合出品方&电影授权方：北京壹同传奇影视文化有限公司
联合出品方：若笙（上海）影视传媒有限公司 广东南方新媒体股份有限公司 宇润科技经贸有限公司 银科思成信息技术有限公司 北京桥驿文化传媒有限公司","导演：王艺埙
编剧/作词：马达 刘璐
作曲：陈祺丰
艺术总监：刘春
音乐总监：安栋
戏剧总监：王劲松
舞台总监：牧元吉
声乐指导：郑欣闻笛
舞蹈编导：纪世志
舞美设计：焦燃
灯光设计：冯彦臣
音响设计：范明宇
多媒体设计：孔江
服装设计：阳东霖
妆造总监：魏小萌"
Boom！夏卡拉卡,原创,上演,2024-08-02,原创轻科幻沉浸式音乐剧,"
出品：大幕拉开Demo Musical","总策划/编剧：肖诗瑶
导演：施哲明
作曲：王富有
编剧/作词：李文紫馨
音乐总监：张晓丹
舞蹈编导：周聪
舞美设计：刘启薇 Sheryl Liu
服化设计：赵欣（饺子）
灯光设计：余世骋
音响设计：叶毓霖
音效设计：张效源"
命运之上,原创,上演,2024-08-02,,"
出品：剧魅音乐剧","制作人/导演：姜孝萌
编剧/作词：张宇
作曲：钟丹
编曲：景宇阳
舞蹈编导：车星吟 呼日乐
舞美设计：吕荣荣 侯磊
灯光设计：杨杉 朱俊儒
音响设计：王勇浩 刘政
服装设计：吴瑶
造型设计：刘正龙"
对鸟,原创,上演,2024-07-27,国家艺术基金资助项目,"
出品制作：浙江歌舞剧院有限公司","总导演：钟浩
作曲：戴劲松
编剧：杨硕 颜珮珊
导演&编舞：张阳"
三坊七巷,原创,上演,2024-07-23,,"
出品：福州市文化和旅游局
创演：福州市闽都文化艺术中心（福州市歌舞剧院）",
走西口,原创,上演,2024-07-18,民歌音乐剧,,
狂炎奏鸣曲,引进,上演,2024-07-06,"韩方制作监督 李智娟
导演 孙孝元
编剧 郑珉娥
作曲 DAMIRO","
出品制作：上海睿鱼淳海文化传媒有限公司
联合出品：演友舞台 亚华湖院线 思凡凡思","中文剧本：赵睿
歌词译配：范煜群
音乐总监：李徐威
舞美设计：王石青
灯光设计：郭欣海
音响设计：梁昕
服装造型设计：赵欣（饺子） NIIJII"
大江东去,原创,上演,2024-07-06,,"
出品单位：中国东方演艺集团 黄冈国有资本投资运营集团有限公司
制作单位：北京东方新大陆文化艺术有限公司","编剧：唐凌
作曲：吕亮
联合作曲：巴特尔
导演：霍樱 刘鑫
舞美设计：窦辉
灯光设计：任冬生
服装设计：董韬
造型设计：贾雷
音响设计：杜思亮
多媒体设计：张松
作词：余毅
舞蹈编导：汪家硕"
怪物,原创,上演,2024-07-05,,"
出品制作：延幕文化
联合出品：思凡凡思 亚华湖院线","导演：古家鹏
作曲/音乐总监：李徐威
编剧/作词：马心羽
舞美设计：赵铭硕
灯光设计：胡海琳
音效设计：任意"
穿越1839,原创,上演,2024-07-04,,"
出品：东莞市文化广电旅游体育局 东莞市虎门镇人民政府
制作：珠海演艺集团","艺术总监：邹建红
舞美设计：戴延年
作曲：黄河
编剧：徐雯怡
导演：李丹 吴沙
灯光设计：王一波
造型设计：吕雨霏
服装设计：湛文静"
雪拥蓝关,原创,上演,2024-06-21,"改编自同名畅销小说《雪拥蓝关》
北京文化艺术基金2023年度资助项目","
出品单位：美视美意（北京）文化传媒有限公司","导演/编剧：李超林
剧本策划：徒有琴 周昀 李俊蓉
作曲：徒有琴
作词：周昀
舞美设计：马云龙
灯光设计：时铭涵
服装/造型设计：兰锴锜"
画中人,原创,上演,2024-06-21,,"
总出品/总制作：子泠娱乐","导演：刘秫呈
编剧：观尘
音乐总监/副导演：王怀
编曲：张雪晖 徐小维
舞蹈编导：曾智勇
舞美设计：李贵义
灯光设计：李向荣
服装设计：张杨
妆造设计：熊文玲"
47,引进,上演,2024-06-08,"原版韩国
编剧 朴民宰
作曲 金治荣","
出品/制作：上海致敬文化传播有限公司
联合出品：上海浦东文化传媒有限公司","导演：张慧
音乐总监：姚迪
剧本润色：张慧
歌词译配：犬爪 张慧
舞美/灯光设计：金德超
服装造型设计：孟思妤"
光影少年,原创,上演,2024-06-07,,"
出品：北京青春繁花娱乐有限公司 北京七音空间文化有限公司
制作：北京青春繁花娱乐有限公司","导演：郭震
作曲：刘炫豆
制作人/编剧、作词：刘靖
监制：高海红
编剧/作词：张华旗"
青春之城,原创,上演,2024-06-07,,"
创作演出：临沂市柳琴戏传承保护中心","总导演：张桂林
编剧：郭利文
作词：王晓岭 郭利文
作曲：马久越"
我和我的雷锋,原创,上演,2024-06-07,,"
出品单位：北京甲丁文化发展有限公司","艺术总监：张和平
出品人/总导演：甲丁
导演：魏思佳
编剧/作词：王怡娃
作曲/音乐总监：何琪
创意策划：李长鸿
舞美道具设计：王雪岭
音响总设计：马昕
沉浸声设计：马文钊
光艺设计：温晓楠
服装设计：侯博
造型设计：陈少会
美术设计：胡绍新"
逐梦,原创,上演,2024-06-01,,"
出品单位：中华全国总工会文工团 北京陵岳文化传媒有限公司","总策划/艺术总监：陈思思
导演：易杰
编剧：王铁军
音乐总监/作曲：文子
视觉总监：宗响
舞美设计：李耿
服装设计：阿宽
音响设计：金少刚"
反转人生,原创,上演,2024-05-17,北京文化艺术基金2023年度资助项目,"
出品：北京保利演出有限公司","出品人：周涛
总监制：房雷
策划：叶小松 张辉 徐薇
制作人：王谦 郭莹 倪偲佳
编剧：杨阳 吴俊达
导演：吴俊达
视觉总监：边文彤
技术总监：熊鹰
作曲：刘乙如
作词：田鸽 杨阳 张紫君
编曲：童年 郑洛宇 Pablo Olaya
联合导演：黄兆函
戏剧导演：史妍
声乐指导：马娜
舞蹈设计：俞辰曦
表演指导：田鸽
现代舞编导：许邺文 张宝泽
流行舞编导：王蕊
舞美道具服装设计：边文彤
灯光设计：高捷
造型设计：吴涵
音响设计：任恺
舞台监督：郭晓纲
联合编剧：张紫君"
貂蝉，你在想什么？,原创,上演,2024-05-17,,"
出品：四川省歌舞剧院有限责任公司 北京河马喝水文化有限公司",编剧、作词作曲：张然
德米安,引进,上演,2024-05-17,"版权方：Nangman Barricade
原作：赫尔曼·黑塞（德）
导演/编剧：吴世赫（韩）
作曲：DAMIRO（韩）","
出品/制作方：缪时客","中方导演/中文剧本及歌词译配：赵雪韵
音乐总监：高巧柔
中方编舞：舒杨"
时光代理人·法则游戏,原创,上演,2024-05-01,街舞音乐剧,"
出品制作：零纪演艺 ZeroGeneration
联合出品：日上春山（北京）文化传媒有限公司 上海大光明文化（集团）有限公司 艾米斯传媒（上海）有限公司
联合制作：艾米斯传媒（上海）有限公司 上海南京路文化运营有限公司 日上春山（北京）文化传媒有限公司","制作人：金欢欢
导演：刘艾
编舞：川岛文太（BUNTA）
编剧/作词：吕侑阳
作曲/音乐制作/音乐总监：李沫萱Feiji
视觉总监/舞美灯光设计：陈凤华
多媒体设计：潘遥
音响设计：于乃坤"
深处,原创,上演,2024-04-25,,,"出品人：徐轶尊
导演/编剧/制作人：小柯
总策划：孙娇"
飞天,原创,上演,2024-04-25,,"
出品制作：中国东方演艺集团 中央民族乐团 北京爱奇艺科技有限公司 何李活(深圳)音乐剧产业发展有限公司 泽筠（上海）文化传播有限公司","联合制作人：陈娟
作曲/音乐总监：三宝
编剧/作词：关山
导演/舞美设计：陈士争
服装设计：郭培 大可
舞蹈总监：姜洋
灯光设计：任冬生
造型设计：贾雷
音响设计：袁闯
视频及多媒体设计：Leigh Sachwitz- flora&faunavisions GmbH"
今生有约,原创,上演,2024-04-18,,"
制作出品：上剧场
协同制作：上海合翮文化传播有限公司","艺术总监：赖声川
原创剧本：沈悦
导演：程佩弦
编剧：乔官瑞
作曲：徐唯尊
词作者：范煜群
音乐总监/编曲：孙钰涿
舞蹈编导：周聪
舞美设计：王健伟
灯光设计：程健雄
服装设计：吕品"
胭脂扣,原创,上演,2024-04-07,原创故事：李碧华,"
出品单位：北京时代东华影视传媒有限公司 上海有天影业有限公司 北京大麦文化传播有限公司 上海戏剧学院青年话剧团
联合出品：北京保利剧院管理有限公司 北京世禾文化传播有限公司 广东环球瑞都影视文化有限公司 新浪微博
制作单位：北京时代东华影视传媒有限公司 上海有天影业有限公司","出品人：高宁 戴妍
监制：何弭
导演/编舞：Joey McKneely
编剧：文雅 章明珠
作词：马达
音乐总监/作曲：张筱真
视觉总监/舞美设计/多媒体设计/灯光设计：萧丽河
服装造型设计：陈敏正
中方导演：李唫
驻团导演：宋皓男
音响设计：陈志勇
音乐执行：苏晨"
来自月亮的你,引进,上演,2024-03-23,"改编自韩国音乐剧the Musical Moon Story
原版导演 Sung Jong Wan
原版作曲 Kim Eun Young","
出品制作：上海开心麻花文化传媒有限公司","中文版导演：施哲明
中文版制作人：王珊珊
中文版音乐总监：张晓丹
舞蹈编导：周聪
中文剧本歌词润色：范煜群
舞美设计：秦冠杰
灯光设计：余世骋
音响音效设计：张效源
服装设计：丁诗芸 肖岚
道具设计：七颗心"
我要你,原创,上演,2024-03-17,点唱机音乐剧,"
出品/制作：北京哆巴胺文化传媒有限公司
联合出品：泰州市保利大剧院管理有限公司 北京保利剧院管理有限公司","导演/作曲：樊冲
总监制：陈铭章
联合导演/编剧：方毅恒
舞美设计：任思远
灯光设计：孔庆尧
音响设计：李雨桐
编舞设计：崔健 唐佩瑜
服装设计：樊华
音乐总监：蒋哲光一
编曲：应孝毅 王一程 齐成刚 BFLo 王奕人"
孤独城堡,原创,上演,2024-03-08,,"
出品方：爱乐汇文化（北京）有限公司
联合出品：尾骨说
制作方：尾骨说
联合制作：Talent Union","制作人\导演\编剧：王晗羽
音乐总监：唐森
舞蹈指导：毛伟伟
戏剧指导：吴硕
舞美设计：陆鹏
灯光设计：王志伟"
寻梦沧海,原创,上演,2024-02-24,,"
出品：青岛旅游集团",总导演：金铁木
游戏规则,原创,上演,2024-02-14,原名《对位法》,"
出品制作：德稻集群
联合出品：亚华湖院线","艺术总监：李盾
制作人：孙冬梅
编剧：丁见非
导演：丁见非
作曲：李惠子
联合作曲：宋雨 王星 张超
作词：张超 赵钧盟 王星 丁见非
音乐总监：李诗雲
声乐指导：罗唯豪
舞蹈编导：唐顺昌
舞台设计：史卿
灯光设计：赵全世
音响设计：袁闯
服装造型：HAIZHEN WANG"
下天风,原创,上演,2024-01-21,根据同名小说改编,"
出品制作：心想柿橙 蒲公英童书馆 皆大欢戏文化传媒（上海）有限公司 蒲公英童年剧社","原著作者：茜吉尔
制作人：田鑫
编剧：聪敏
导演：施亦骏
作曲&编曲：蒋骁然
舞蹈编导：游家意
音乐总监：王诗培
作词&剧本润色：朱瑞琪
舞美设计：刘启薇 Sheryl Liu
音响设计：于乃坤
灯光设计：杨冬青
服化设计：韩卓言
多媒体设计：李钰
执行音乐总监：姚迪
执行编舞：陆思"
百年青春,原创,上演,2024-01-19,北京市文联文学艺术创作扶持专项资金项目,"
出品单位：锋尚文化集团股份有限公司
制作单位：北京锋尚幻星娱乐文化有限公司",导演：齐凌
鲜花盛开的地方,原创,上演,2024-01-19,,"
出品制作：辽宁歌舞团","作曲：刘彤
编剧、作词：妮南
总导演：陈蔚
视觉总监、舞美设计：刘科栋
音响设计：李想"
我家门前有条河,原创,上演,2024-01-13,"国家艺术基金2024年度大型舞台剧资助项目
彩票公益金资助一中国福利彩票和中国体育彩票
山东省文旅厅2023年度舞台艺术重点选题创作作品
齐鲁文艺高峰计划(首批)重点项目
2022年度济南市舞台艺术创作重点扶持项目","
创作演出：济南市歌舞剧院
合作单位：山东省音乐家协会","编剧：高志娟
导演：张桂林 李大海
作曲：刘晓鹏
作词：高志娟 武洪昌
编曲：张巍
舞蹈编导：吴德彬 李超 田虎
舞美设计：王琛
灯光设计：王琦
多媒体设计：刘双琛
服装设计：黄芹芹
音响设计：孙道龙 王凡
化妆设计：陈奕彤
道具设计：李臻超"
雄狮少年,原创,上演,2024-01-11,,"
出品单位：中国对外文化集团有限公司 广州市文化广电旅游局
总制作：中演演出院线发展有限责任公司
联合制作：广州大剧院管理有限公司 广东歌舞剧院 广州歌舞剧院有限公司
联合出品：北京精彩时间文化传媒有限公司","作曲&编曲&音乐总监：高世章
作词：岑伟宗
编剧：张飞帆
普通话版首演导演：何念
粤语版导演：冼振东
联合导演、编舞、舞台美学：张月盈
普通话2.0版联合导演：周笑微
联合编舞：吴泳宏
联合导演：刘子豪
编曲：罗建邦
一轮国语版音乐总监：姜清华
普通话版首演舞美设计：桑琦
粤语版联合音乐总监：童达琴
普通话版首演灯光设计：任冬生
灯光设计、舞台美学：杨子欣
普通话版首演多媒体设计：王佳迪
普通话版首演音响设计：刘世疆
粤语版音响设计：夏恩蓓
服装、造型设计：Demon Zhang"
彗星来电,引进,上演,2023-12-31,"百老汇音乐剧环境式中文版
编剧/作曲/作词：Alex Wyse、Ben Fankhauser","
出品制作：MOriginal莫瑞吉
联合出品：亚华湖院线 思凡凡思","出品人：赵宇豪
导演/中文剧本/歌词译配：范煜群
音乐总监：陈若雨
舞蹈编导：梁燕妮
舞台设计：李祎
灯光设计：郭欣海
服化设计：刘辉
道具设计：张涵智
音响设计/音效设计：李雅雯"
双面奇才,原创,上演,2023-12-29,曾用名《嘻个啥子哈》,"
出品方：成都开心麻花剧院管理有限公司","总监制：王亮
出品人、制作人：大李
艺术总监&作词：梁芒
编剧&作词：严栋瀚
一轮&二轮导演：李利星
三轮导演：张轩豪
音乐总监&作曲：郑一肖
作曲：张少瑛 周笛
戏剧导演：刘思维
嘻哈音乐总监：顺德
嘻哈作词作曲：奇才WIZARD
嘻哈作词：Ocase
编舞：李雯玉 龙跃
编曲：房绍卿 郝时雨 王文浩"
拜风,原创,上演,2023-12-29,环境式驻演音乐剧,"
出品：武汉歌舞剧院有限责任公司
联合出品：武汉市艺术创作研究中心","出品人：熊涛
总统筹：陈曦林
艺术总监：龙泉
总导演：冷佳华
执行导演：陈彦杰
主题曲：谭旋
作曲：万江峰 程梓峰
编剧、作词：胡晓琼
制作人：李卓雨
舞美总监：何峰
舞台设计：张弛
灯光设计：何峰
视频设计：张洪伟 安邦元 彭翩
服装设计：张小静
道具设计：林毅
化妆设计：余巍 李琦
音响设计：熊军 韩啸"
玻璃猫鱼和科里奥利效应,原创,上演,2023-12-28,,"
出品制作：泽筠（上海）文化传播有限公司","制作人：庞楚筠
导演：杨佳
音乐总监：兰晓飞
编舞：杨文韬
舞台美术：罗亚卓
灯光设计：张弛"
AI,原创,上演,2023-12-24,沉浸式音乐剧，根据同名话剧改编,"
出品/制作：瀛喜传媒","编剧、作词：李然
作曲：汪海蓓
导演：闻小炜
编舞：申霓
音乐总监：王乐天
声乐指导：王国栋
舞美/道具设计：焦燃
灯光设计：郭欣海
服装造型设计：刘辉
主题曲创作：顾易"
婚礼歌手,引进,上演,2023-12-16,"改编自百老汇音乐剧&同名电影
Music Theatre International(MTI)独家授权
作曲人 Matthew Sklar 马修·斯科拉尔
作词人 Chad Beguelin 查德·贝格林
剧作人 Tim Herlihy 蒂姆·赫利希","
出品单位：浙江开心麻花文旅发展有限公司","出品人/总制作人：王亮
导演：何子君
中文编剧/填词：王建华
中文版音乐总监：李夏
制作人：洪晔
编舞师：谷琳
中文版歌词润色：王烨
灯光设计：丁志光
音响设计：谢彬
服装造型：李洁兰"
稷下学宫——誉满天下,原创,上演,2023-12-10,,"
出品单位：淄博市演艺中心 山东齐稷文化",
那茶 那山 那一天,原创,上演,2023-12-07,刘三姐原型全新改编创作音乐剧,,
东莞东,原创,上演,2023-12-02,,"
出品制作：开心麻花","导演：高瑞嘉
编剧：王怡娃
音乐作曲：陈祺丰
音乐架构：周可人"
大状王,原创,上演,2023-11-30,,"
联合制作：西九文化区 香港话剧团","作曲及音乐总监：高世章
作词：岑伟宗
编剧：张飞帆
导演：方俊杰
编排导演及编舞：林俊浩
联合编舞：林薇薇
布景设计：张正和
服装设计：孙咏君
灯光设计：杨子欣
联合音响设计：夏恩蓓 Ctrl Fre@k（余思行）"
此心安处,原创,上演,2023-11-26,2023年度国家艺术基金扶持剧目,"
出品制作：贵州省歌舞剧院","总导演：顾欣桐
编剧：陈予婧 余妍洁
作曲：杨杰
作词：张海宁
执行导演/舞蹈总监：孙婷
执行导演/表演指导：杜悦丞
舞美设计：杨君韬
多媒体设计：张松
灯光设计：李奥
服装造型设计：曹婷婷
制作人/执行导演：尚子钧
执行导演：杨春念
制作人：李伟"
不好意思！生不生娃让我好好想一想,原创,上演,2023-11-24,,"
出品单位：上海大剧院 上海西岸大剧院 大麦｜Mailive
联合出品：好戏 MOriginal莫瑞吉","导演、编剧、作词：陈天然
音乐总监、作曲：柯力
编曲：杨杨
舞蹈编导：吴泳宏
舞台设计：李祎
音响音效设计：马斯琪
灯光设计：鲍思彤
服化设计：原储睿"
#0528,原创,上演,2023-11-18,环境式驻演音乐剧,"
出品：吾哈文化传播（上海）有限公司
联合出品：亚华湖院线 大麦｜Mailive
制作：好好有戏","导演：张轩豪
总编剧/作词：严栋瀚
作词/作曲/音乐总监：胡水
特邀作词：甘世佳
舞蹈编导：李勇
联合导演：杨心怡
编剧：李霖霖
舞美&服化设计：刘启薇 Sheryl Liu
灯光设计：何逸伦 郭沈彤
音响设计：陈雪立"
时光代理人,原创,上演,2023-11-11,改编自bilibili原创动画《时光代理人》,"
出品/制作：接着奏乐接着舞
联合出品：上海定海神针影业有限公司 上海大世界 上海迩德文化传播有限公司 尊馨文化","编剧/作词：陈璐
戏剧构作：何念
导演：程佩弦
作曲：三界城音乐工作室
编舞：周聪
舞美设计：桑琦 王佳迪
多媒体设计：王佳迪
服装造型设计：赵欣（饺子） 刘善通
灯光设计：朱雨双
音响设计：ESS（艺声）音响
音乐构作：周可人
音乐总监：陈若雨"
当你心动时,原创,上演,2023-11-11,,"
出品公司：上海合颂文化传播有限公司 上海耶比传媒科技有限公司 亚华湖院线
制作公司：上海耶比传媒科技有限公司","1.0导演：高瑞嘉
2.0导演：韩婷
1.0编剧：周添 李金薇
2.0编剧：吕侑阳 周添
作曲：徐唯尊
1.0音乐总监：徐唯尊
2.0音乐总监：陈若雨
1.0作词：范煜群
2.0作词：周添 吕侑阳
1.0编舞：李勇
2.0编舞：Abby 芶雯靖
舞美设计：张轶霖
灯光设计：郭沈彤
1.0音响设计：路博研
2.0音响设计：李雅雯
1.0服化设计：韩卓言
2.0服装制作：刘辉"
艺术区,原创,上演,2023-11-11,,"
出品单位：北京市朝阳区文学艺术界联合会
制作单位：北京柯音剧场文化传媒有限公司","出品人：徐轶尊
制作人/编剧/作曲/导演：小柯"
春宵苦短，少女前进吧！,原创,上演,2023-11-10,,"
出品公司：上海星在文化传播有限公司 宁波再干一杯文化传播有限公司出品
制作公司：上海星在文化传播有限公司","出品人：朱寅
制作人：杨聿敏
编剧、作词：王非一
作曲：立山秋航 金子麻友美 SHIKI
导演：马远
音乐总监：徐唯尊"
刺秦,原创,上演,2023-11-10,,"
制作出品：奇人居","作曲/编剧：徒有琴
总导演：俞鳗文
制作人：朱潇然
导演：喻怀正
编剧/戏剧构作：卢昌婷
编剧：徐若昕
舞美/服化设计：谷楠楠
灯光设计：冯灵
音响设计：路博研"
杨戬,原创,上演,2023-11-04,,"
出品制作：上海剧伙音乐文化有限公司
联合出品：沐田居海 上海上玺文化传播有限公司 亚华湖院线","导演/编舞：刘晓邑
作曲/编曲：张博
编剧：孙浩程 陶倩妮 薛敏
作词：孙浩程 薛敏 和晓维
音乐总监：魏诗泉
舞美设计：徐肖寰
灯光设计：何逸伦
服化设计：刘善通 赵欣（饺子）
音效设计：陈天娇
道具设计：李经伦"
TRACE U,引进,上演,2023-11-04,"原版韩国
原版制作公司 STUDIOSUNDAY Co.. Ltd.
原版导演 Daljoong Kim
编剧/作词 Geeyul Yun
作曲 Jeong A Park","
出品&制作：兰境文化AMAZELAND","中文版主创导演：吴晙赫
中文版编剧/作词：李文贤
音乐总监：吴涵婧
舞美设计：王石青
灯光设计：成瑜
影像设计：王梓楠"
摇滚莫扎特,引进,上演,2023-11-03,原版法国,"
出品方：七幕人生","导演：约瑟夫·格雷夫斯 Joseph Graves
中方导演/剧本翻译：张南
歌词译配：程何
音乐总监：Mary Chun
中方音乐总监：巴特尔
编舞：Joey McKneely
舞美监制：龚勋
执行服装和造型设计：陈瑶
音响设计：Taylor J Williams Joshua Millican
执行灯光设计：杨冬青
执行假发设计：Dennis Milam Bensie"
唐人街探案1,原创,上演,2023-10-29,根据陈思诚导演作品改编,"
出品/制作：上海魅鲸文化有限公司
出品：万达影业 北京壹同传奇影视文化有限公司 亚华湖院线","出品人：席锡奇 邵先磊 阮豪
总制作人：陈丹
编剧：付蕾
作曲&音乐总监：梁昕
导演：佟欣雨"
疯子与赞美诗,原创,上演,2023-10-27,轻音乐剧,"
出品：北京马乔文化传播有限公司
联合出品：亚华湖院线
制作：上海涴墨文化传播有限公司","导演：和平
原版编剧/剧本改编：刘天骄
剧本改编：尹湘圆（韩）
作曲/编曲/二轮音乐总监：老孙（孙中泽） 方一枝
一轮音乐总监：杜鑫艳
舞蹈编导：闫士俊
舞美/灯光设计：金德超
音响/音效设计：于典
服装造型设计：郝玥"
还“Ai”,原创,上演,2023-10-23,多元化音乐剧,"
出品制作：声涵文化","编剧：蒋依敏
新媒体艺术家：林润谷 Rem 柯咏恩 Koo
灯光设计：赵逸
舞蹈编导：侯颖"
三星堆,原创,上演,2023-10-14,,"
出品：中国对外文化集团有限公司 四川省文化和旅游厅
联合出品：新华网股份有限公司 北京天桥盛世投资集团有限责任公司
主办：中演演出院线发展有限责任公司 四川省歌舞剧院有限责任公司
制作：北京四海一家文化传播有限责任公司 四川省歌舞剧院有限责任公司
联合制作：成都高新中演大剧院管理有限公司","出品人：李金生 戴允康 储学军
联合出品人：钱彤 徐晓辉
监制：吴灵峰 张利 周青青
制作人：于婷婷 胡大蓉
执行制作人：王悦 韩小虎
音乐总监：胡小鸥
总编剧：王勇
编剧、作词：杨硕
导演：Thom Southerland
舞美设计：Morgan Large
灯光设计：Rick Fisher
舞蹈编导：Nathan Mark Wright
服装设计：阳东霖
化妆造型设计：王倩
音响设计：于乃坤
作词：乔晨"
花开河西巷,原创,上演,2023-10-10,,"
出品制作：苏州市歌舞剧院",
爱情神话,原创,上演,2023-10-05,,"
出品：上海文广演艺集团 SMG LIVE 宸资文化
联合出品：上海黄浦文化旅游集团有限公司 八十八文化","监制：徐峥
导演：何念
作曲：彭飞
作词/编剧：肖诗瑶
舞美设计：桑琦
灯光设计：邢辛
音乐总监：魏诗泉
编舞/形体指导：刘旻姿
服装及化妆造型设计：赵津"
爸爸的奇幻世界,引进,上演,2023-10-01,"原版韩国
版权授权：DA' AT
作曲：李珠熙
编剧：姜宝英
艺术总监：裴秀妍","
出品/制作：皆大欢戏文化传媒（上海）有限公司","出品人/制作人：田鑫
联合出品人：张扬凡
导演/歌词译配：范煜群
音乐总监：姚迪
编舞：游家意
剧本改编/翻译：邓冠豪
舞美/服化设计：刘启薇 Sheryl Liu
音响顾问：于乃坤
音响设计：路博研
灯光设计：马丹妮
多媒体设计：沈含睿
音效设计：陈雪立
执行制作人：陈皓婧 周婷
舞台监督：戴怡芳"
景迈有嘉木,原创,上演,2023-10-01,,,
蔡文姬,原创,上演,2023-09-29,古琴音乐剧,"
出品：北京出琴入戏文化有限公司 北京琴茶雅叙文化公司","编剧、导演：张赢
作曲：阮昆申
舞美总设计：张赢
道具设计：闵俊嶸
多媒体设计：乔鸿雁
服装设计：张赢 王岑伊 高祎伟 郭家名
化妆设计：高祎伟 王岑伊 李津梅"
21:00,原创,上演,2023-09-29,上海音乐学院学生原创沉浸式悬疑音乐剧,"
出品：音上海文化（MUSH音乐剧）
联合出品：WWAC奇观剧场","出品人/制作人：李滨辉 林檎
导演/编剧/作词/舞台监督：林檎
作曲/编曲/音乐总监：李滨辉
执行导演：石钰铎
执行总监：洪子赋
副导演/艺术指导：涂优异
舞美总监/现场执行：周旭杰
舞蹈编导：陈莺瑕
声乐指导：符芷瑜
动作指导：王玥
多媒体设计：周旭杰
舞美设计/灯光设计：林檎
服化设计/道具设计：林檎 洪子赋
音响设计：李滨辉
音效设计：黄奥林
舞监助理：龚妍伊
联合制作人：龚妍伊"
纳尔齐斯与歌尔德蒙,引进,上演,2023-09-29,"原版韩国
原作：赫尔曼·黑塞
韩方导演/原版编剧：尹湘圆
韩方作曲：Yoo Hannah
原版舞美设计：金贞兰
原版编舞：李钟赫","
出品/制作方：缪时客","中方导演：丁伟
中方编剧/作词：赵雪韵
音乐总监：李俊成
灯光设计：郭欣海
音响设计：郭隐星
中方编舞：舒杨 郑杰霖"
星辰,原创,上演,2023-09-28,北京文化艺术基金2022年度资助项目,"
出品单位：河北省委宣传部 河北省文化和旅游厅 中国东方演艺集团 雄安新区党工委管委会
联合出品：北京爱奇艺科技有限公司
演出单位：中国东方演艺集团 河北省歌舞剧院","音乐总监/作曲：谭旋
导演：谢可
编剧：王凌云
舞蹈编导：牛俊杰
舞美设计：焦燃
灯光设计：王雷
服装造型设计：杨春梓
多媒体设计：胡天骥
音响设计：于乃坤"
亲爱的,引进,上演,2023-09-28,原版泰国，根据Bird Thongchai经典曲目创作,"
出品/制作：一台好戏文化传媒有限公司
联合出品：亚华湖院线 大麦｜Mailive","导演：高瑞嘉
音乐总监：孙钰涿
编舞：崔健
剧本润色：金琪
歌词译配：苗杰
舞美设计/灯光设计：苗春雨 杨冬青
服装设计：韩卓言
化妆设计：王震娟
音效设计：陈雪立"
摇滚太白·诗与星,原创,上演,2023-09-22,,"
制作/出品：河鳄文化HerMusical
联合出品：亚华湖院线","出品人：睢伯淳 阮豪
总制作人：Yuki
制作人：王琪舒 祁涵孟 王一帆
编剧/作词：Yuki Shera
作曲/编曲：HEERU
导演/编舞：刘咿伊
音乐总监：牟香铭
技术总监/灯光设计：石敢当
舞美设计：王佳盈
多媒体设计：李扬 Hill
音响设计：Victor
声音设计：刘扬
服装设计：申旷然
服装制作：梁蒙
造型设计：小满
舞台监督：春晓
执行舞台监督：赵萱
助理舞台监督：康欣颖
制作助理：吴昆亭"
将进酒,原创,上演,2023-09-21,,"
出品单位：江油市人民政府 中国东方演艺集团 央视网
联合出品：绵阳市艺术剧院有限责任公司 江油博飞文化旅游开发集团有限公司
联合出品/巡演独家运营：北京叁一文化发展有限公司
制作单位：北京东方新大陆文化艺术有限公司
首演单位：中国东方演艺集团","出品人：过彤
总监制：高艾 曾建军 魏驱虎
监制：史自文 刘鹏 沈晨 张蕾 陈崇诺 许梅芳 冯宇
执行监制：周雷 吴杉 向德胜 黎薇薇
总制作人：张蕾
制作人：邹一鸣
导演：马达
原创故事/总编剧：张巍
音乐总监：孟可
作曲：吉鹏
编剧：拓璐 祖纪妍
舞美设计：焦燃
灯光设计：王润杰
音响设计：于乃坤
服装设计：车成轩
舞蹈编导：陈一飞"
画廊遗梦,原创,上演,2023-09-15,点唱机式音乐剧,"
出品：灰键空间","导演、音乐剧脚本：史博伟
编剧：肖茜尹
音乐总监：张凯
灯光设计：钱正康
服化设计：林宇妍
造型设计：陈丽雯"
消失,原创,上演,2023-09-15,"原版韩国
版权致谢 NEO PRODUCTION
编剧 韩在恩
作曲 周美娜","
出品 | 制作：上海致敬文化传播有限公司
联合出品：亚华湖院线 钟舜傲工作室","导演：施亦骏
剧本润色：吴敏 潦草
译配：潦草
音乐总监：王诗培
灯光设计：郭欣海
服装设计：刘魁
妆发设计：刘辉"
我的魔法药水,原创,上演,2023-09-02,环境式驻演音乐剧,"
出品&制作：北京花语棠娱乐文化传媒有限公司","导演：李妮
编剧：孙照年
作曲：祁勃力
编剧：李妮
编舞：刘依可 代梓妤
视觉总监：李易妙莲
服装设计：Michelle L Li
灯光设计：邓文"
南孔,原创,上演,2023-08-28,,"
出品单位：中共衢州市委宣传部 浙江演艺集团（浙江歌舞剧院有限公司）
制作 | 演出单位：浙江歌舞剧院有限公司 中共衢州市柯城区委宣传部","总导演：钟浩
编剧顾问：刘春
作曲：吕亮
编剧：李竟榕
视觉总监：任冬生
服装造型设计总监：阿宽
舞蹈编导：田湉
多媒体设计：孔江
导演：孙琪
表演指导：宋迎秋
声乐指导：章小敏
服装设计：杨易
造型设计：屠蓓蓓
舞蹈编导：李润"
周生如故,原创,上演,2023-08-18,"改编自小说 《一生一世，美人骨》
爱奇艺自制剧集《周生如故》
原著 墨宝非宝","
出品&制作：上海合翮文化传播有限公司
联合出品：良田文化 Dreamplay简玩文化","导演：周小倩
戏剧构作&执行导演：程佩弦
编剧&作词：孙浩程
作曲：陈祺丰
音乐总监：周可人
舞蹈编导：崔健
舞美设计：胡艳君
音响设计：于乃坤
音效设计：厉紫薇
灯光设计：何逸伦
服装造型设计：原储睿 樊凡"
嫌疑人X的献身,原创,上演,2023-08-18,"原作 东野圭吾
企画协力 文艺春秋","
出品：上海锦辉艺术传播股份有限公司 缪时客 亚华湖院线 尊馨文化","导演：胡晓庆
编剧/作词：吕学平
作曲：张博
音乐总监：魏诗泉
编舞：David Hartley
舞美设计：焦燃
编剧/副导演：赵雪韵
灯光设计：郭欣海"
梦微之,原创,上演,2023-08-11,环境式古风音乐剧,"
制作/出品：上海魅鲸文化有限公司
联合出品：亚华湖院线","导演：王杨
作曲/音乐总监：蒋骁然
编剧：郑绍萱
舞蹈编导：闫士俊
舞美设计：秦冠杰
灯光设计：成瑜
音响设计：刘世疆
多媒体设计：周涛
服装造型设计：施恒"
金鸣歌厅,原创,上演,2023-08-11,,"
出品单位：广州北铭文化发展有限公司
制作单位：广州北铭文化发展有限公司 深圳象形文化发展有限公司 广州市骏星文化发展有限公司 广州亦舞亦戏文化传播有限公司
支持单位：VLAB翌方181","制作人：马悦
导演&编剧：陈珑之
音乐总监：朱旦旦 李玉茹
角色设计：林坤煌
美术置景：蔡小新 徐传语
舞蹈编导：刘子豪
灯光设计：罗艺
造型设计：SweetYeung
监制：崔杰"
斗阵！沙坡尾,原创,上演,2023-08-10,"原名《我爱沙坡尾》
2023年度福建省舞台艺术精品工程重点剧目
厦门市文艺发展专项资金2022年度舞台艺术创作资助项目
2023厦门市国有文艺院团创排专项资金入选项目","
出品单位：厦门歌舞剧院","导演：曾涌麟
编剧：曾学文
作曲：郑洛宇
舞美设计：徐海东
多媒体设计：李思谕"
独行月球,原创,上演,2023-08-03,"改编自咚漫漫面独家作品《MOONYOU-独行月球》
作者：赵石","
出品制作：开心麻花","导演：汪海刚
作曲/音乐总监：薛钦之
作词：甘世佳 周佩剑
联合导演：吴婧
形体设计指导：江帆
编剧：李璟 周佩剑
总监制：费溢群
制作人：杨雪婷
舞美设计：焦燃
灯光设计：谢渝熙
多媒体设计：于正
服装造型设计：刘辉
音效设计：吴迪
助理制作人：牛媛
编曲监制：KennC
编曲：KennC James Yeo 薛钦之 Lynas 张迦南"
国之韶华,原创,上演,2023-07-29,,"
总出品：大连文化产业集团
出品：大连歌舞剧院",
无人岛,引进,上演,2023-07-28,"原版韩国
作曲：朴仁榮/林俊亨","
出品单位：上海黄浦文化旅游集团有限公司
制作单位：上海大光明演出经纪有限公司","监制/中方导演：王萌悦
制作人：杨晗
艺术指导：吴世爀
音乐总监：张晓丹
编剧/韩方导演：尹相元
副导演：静国玲
执行导演/编舞：陈志远
剧本翻译/译配：王烨
舞美设计：张轶霖
灯光设计：郭沈彤
音响设计：张校源"
超时空同居,原创,上演,2023-07-28,同名电影改编,"
出品/制作：丝绸之路国际艺术交流中心 新绎文化发展有限公司
荣誉出品：真乐道文化","监制：李晓菲
策划：叶婷 赵欣
制作人：赵欣
编剧：周佩剑 乔易之 陶倩妮
导演：高瑞嘉
音乐总监/作曲：魏诗泉
编舞：刘艾
编舞执行：吕润桐
舞美设计：赵铭硕
多媒体设计：张志琴
服装造型设计：李宸 董依珊
灯光设计：纪蕾
音响设计：天谷妙音
执行制作：祁琪
制作统筹：李小楠
制作助理：刘奇奇"
何处春江无月明,原创,上演,2023-07-28,国家艺术基金2020年度传播交流推广资助、彩票公益金资助,"
出品/制作：新绎文化发展有限公司","艺术顾问：周志强
制作人：李晓菲
导演：钟浩
编剧：杨硕
作曲：陈思昂
舞美设计：张鵾鹏
服装造型设计：曹婷婷
灯光设计：张伟
多媒体设计：包尔温
执行导演/编舞：张阳
舞蹈总监/编舞：沈玮煜
声乐指导：李倩"
少年歌行·梵音谣,原创,上演,2023-07-15,古装武侠环境式音乐剧,"
出品：暗室逢灯 亚华湖院线
联合出品：中影年年 伊谢尔伦文化传播有限公司 上海翃创建设工程有限公司","出品人：王明扬 阮豪
联合出品人：施玉良 达尔
一轮监制/总导演：易非
一轮联合监制：张拯
二轮监制：文森张 喵草鞋
二轮作曲/编曲/音乐总监：张钰曈 叶健锋
一轮作曲/编曲/音乐总监：Zeta
一轮作词：叉子 Fox
一轮编剧：Fox 四喜
二轮编剧：华安
二轮作词：华安 曲曼宁
二轮执行导演/舞蹈编导：濮阳善禾
舞美设汁：王豪翔
一轮灯光设汁：刘怡兰 王靖晨
二轮灯光设计：鲍思彤
一轮音响设计：李韵扉
二轮音响设计：张云飞
服化设计：江泉
音效设计：Kusa
一轮导演：Uriah 蒋蒋
一轮制作人：Ark Mu
二轮制作人：华安
一轮策划/执行制作：Fox
二轮执行制作：韩艺蕾
一轮制作统筹：N.K.赵心怡 张妍辰"
孙伯符,原创,上演,2023-07-15,,"
制作：衔烛文化 贾凡工作室","编剧：龙玥彦
导演：赵晓雨
副导演：刘阳
武术/形体导演：郑思文"
追光巨星,原创,上演,2023-07-14,国潮光系沉浸式音乐剧,"
出品/联合出品：四川人民艺术剧院 四川国潮文旅科技有限公司 武侯文化创意产业投资有限公司","总编剧/总导演：潘乃奇
编剧：张寒宇
导演：谢黎明
作曲：冯小波
作词：于若
声乐指导：周帆
台词指导：王媛
舞美设计：宁方盖
灯光设计：仰大章
服装设计：张娟
音效设计：王亚琦
化妆设计：李立
出品人：罗鸿亮 聂鑫
艺术总监：董凡
制作人：陈思一 王一婷"
LIZZIE丽兹,引进,上演,2023-07-04,原版美国,"
出品制作：MOriginal莫瑞吉
联合出品：瞳剧场 亚华湖院线
版权管理：泓洋国际","导演：程佩弦
中文剧本&歌词译配：范煜群
音乐总监：周可人
舞蹈编导：梁燕妮
舞台总监：陈皓楠
舞台设计：李祎
音响设计&音效设计：厉紫薇
灯光设计：郭欣海 鲍思彤
服化设计：原储睿"
阿尔托，梵高,引进,上演,2023-07-01,"原版韩国，环境式音乐剧
版权致谢 Never Ending Play
原版制作人：崔钟赫
编剧：边荣真
作曲：Damiro
舞台设计：南景植","
制作/出品：上海熠璟文化传播有限公司
联合出品：上海横于文化传媒有限公司 亚华湖院线","韩方导演/剧本润色：吴世爀
中方导演：倪晔
音乐总监：陈思扬
歌词译配：龚子棋 刘婉眉
舞蹈编导：李志杰 朱子尧
剧本润色：刘婉眉 Ame
剧本翻译：陆壹柒 邢星
灯光设计/制作：郭欣海 鲍思彤
服化设计/制作：刘辉
音响设计：朱天俊 陈思扬
音效设计：陈思扬"
Ordinary Days 不·平凡的日子,引进,上演,2023-06-21,"外百老汇环境式治愈音乐剧
作曲 & 作词：Adam Gwon
版权管理：Concord Theatricals","
出品/制作：上海果俗文化传播有限公司 亚华湖院线","出品人：林嘉佑 阮豪
监制：陈铭章
导演：李李
音乐总监：姜清华
制作人：吴嘉蕾
联合导演：余广卉
助理音乐总监：高巧柔
编舞：黄飞
译配：黄菀卿 姜清华
舞台设计：沈力
灯光设计：张弛
音响设计：陆俊杰
服化设计：刘辉
舞台设计执行：徐鼎威 龚晶莹
舞台监督顾问：王祺
舞台监督：戴怡芳
主视觉设计：鞠明昊 林嘉佑"
双重危机,引进,上演,2023-06-21,"原版美国
原版剧本/作曲/作词 Bob Walton & jim Walton","
出品制作：一台好戏文化传媒有限公司
联合出品：亚华湖院线","导演：高瑞嘉
编舞：刘艾
音乐总监：姜清华
中文版剧本：金琪
中文版歌词译配：苗杰
舞美设计/视觉总监：刘启薇 Sheryl Liu
灯光设计：杨冬青
音响设计：于乃坤
执行音响设计/音效设计/录音设计：陈雪立
服化造型设计：韩卓言"
迷雾山庄,引进,上演,2023-06-16,"环境式悬疑音乐剧
改编自HONG Company Co., Ltd. 音乐剧 The moment
原版作者：Pyo, Sang-A
原版制作人：Hong Seunghee
作曲：Kim Yeowooree","
出品制作：浙江开心麻花文旅发展有限公司","出品人/总制作人：王亮
制作人：洪晔 刘园园
制作监理：管伟刚
执行制作人：叶东卓
导演：李依洋
剧本改编：李又又
编舞：任书贤
歌曲译配：黄菀卿
音乐总监：祁勃力
舞美设计：陈斯
灯光设计：金德超
音响设计：谢彬
服装设计：黄婷玉
造型设计：魏少鹏"
秋山吟,原创,上演,2023-06-14,"“国潮”音乐剧
原名《风月同天》
上海文化发展基金会重大文艺创作项目","
出品方：华东师范大学音乐学院","制作人：石春轩子
编剧：刘思
导演：汪起正
作曲：辛觉 李聪
配器：李聪
多媒体设计：戴炜
灯光设计：沈倩
舞美设计：曲来熙"
女神在看,引进,上演,2023-06-09,原版韩国,"
出品制作：上海睿鱼淳海文化传媒有限公司
联合出品：演友舞台 亚华湖院线","总制作人：张韧 俞仁秀
制作人：张颖
韩方制作监督：李智娟
韩方导演：朴昭映
韩方副导演：全曙延
中方导演：施亦骏
中文剧本：赵睿
歌词译配：赵睿 李徐威
中方音乐总监：李徐威
中方编舞：王壹
中方舞美设计：刘鸿平
中方灯光设计：郭欣海
中方音响设计：马斯琪
服装造型设计：韩卓言
中方道具设计：徐昌奇
舞台监督：盛丽丽
制作助理：喇文娟 仝瑞琪 胡奕斐
视觉设计：喵有友"
恋曲,原创,上演,2023-06-09,,"
出品单位：四川文化艺术学院
制作单位：北京甲丁文化发展有限公司 四川文化艺术学院","总监制：龚珍旭
艺术总监：甲丁 欧建华
文学顾问：孙令飞 邓书江
总导演：甲丁 金美花 朴美花
编剧：杨浥堃
作曲/音乐总监：何琪"
嗜血博士,原创,上演,2023-06-08,沉浸式悬疑惊悚音乐剧,"
出品：涵金文化
联合出品：亚华湖院线 上海星在文化传播有限公司 心心念文化 峰弘投资","编辑/导演/作词：沈旭飞
作词/编剧：纪赢
作曲/编曲/音乐总监：顾易
舞美设计：赵铭硕
灯光设计：唐一飞
音响设计：陈卓
服化设计：徐思琪
音效设计：乔国栋"
星火（青春版）,原创,上演,2023-05-30,,"
出品方：广东莱卡文化传媒有限公司",
愚公移山,原创,上演,2023-05-27,,"
出品单位：中共济源市委宣传部 济源文化广电和旅游局
创制单位：北京大学民族音乐与音乐剧研究中心","编剧/导演：周映辰
作曲：钟海阁
艺术顾问：彭锋
文学顾问：李洱
灯光设计：刘凤恕
执行导演：赵旭
舞蹈编导：李进
服装设计：王钰宽
舞美设计：徐鼎威
多媒体设计：何子颖
造型设计：王岑伊
声乐指导：郝新豫
编舞助理：贾真 王艺儒"
理想之城,原创,上演,2023-05-26,,"
出品：北京市委宣传部 北京市文化和旅游局 北京市广播电视局
制作单位：北京演艺集团
演出单位：北京歌剧舞剧院
联合出品：北京爱奇艺科技有限公司","导演：肖杰
作曲/音乐总监：张筱真
总编剧/作词：陈斯远
编剧/作词：邹卓凡 田辰明
舞蹈总监：胡博
编舞：鹿韬 沈玮煜
视觉总监：任冬生
舞美设计：王立峰 郭爱伦 张朔
灯光设计：胡博 李超
造型服装设计：耆娜
多媒体设计：杨骞
音响设计：曲乐
声乐指导：马娜
舞台监督：杨昊霆
助理导演：吴俊 李各"
南墙计划,原创,上演,2023-05-26,,"
出品：上海剧伙音乐文化有限公司 上海上玺文化传播有限公司
联合出品：亚华湖院线
制作：上海剧伙音乐文化有限公司","监制：刘晓邑
导演：周小倩
编剧/作词/助理导演：孙浩程
作曲/作词/音乐总监：老孙（孙中泽） 方一枝
编舞：崔健
舞美设计：徐肖寰
灯光设计：何逸伦
服化设计：赵欣（饺子） 刘善通
音响设计：王南南"
京·谣,原创,上演,2023-05-24,,"
出品：北京歌华文化中心有限公司 北京璀璨聚星文化集团有限公司","导演/作曲：周文军
艺术总监/作词：梁芒
编剧/作词：孙艺宁
作词：宋轲 王平久
出品人：马龙 王国胜
制作人：刘冰 王国凤
执行制作人：吕涛"
侠影·咏春,原创,上演,2023-05-13,,"
出品：中国歌剧舞剧院 中共江门市委宣传部 中共鹤山市委宣传部
演出：中国歌剧舞剧院","出品人：诸葛燕喃 陈冀
总监制：许宁 马金红 唐莹 田彦 高钢华 张镇就
导演：钟浩
编剧：杨硕 谷依曼
作曲：陈思昂
执行导演/编舞：张阳
舞蹈总监：唐诗逸
声乐指导：郑欣闻笛
舞美设计：陶雷
灯光设计：刘传龙
服装设计：文戈
造型设计：耆娜
多媒体视觉指导：冯磊
多媒体设计：孙文博
音响设计：古磊 王岱威
音效设计：孙华
道具设计：胡云溥
武术指导：冯家辉 王宏心
动作设计：许少扑
民乐指导：王佳男"
哈姆雷特,原创,上演,2023-05-11,"原著：威廉·莎士比亚【英】
中译：梁实秋","
出品／制作：上海徐俊文化艺术有限公司
联合出品：北京保利剧院管理有限公司 南京保利大剧院管理有限公司 上海东虹桥剧院管理有限公司 大麦｜Mailive","音乐剧改编/导演：徐俊
作曲/音乐总监：金培达
作词：梁芒
舞美设计：徐肖寰
灯光设计：萧丽河
造型设计：张叔平
化妆设计：范丛博
舞蹈设计：李辰川"
一出好戏,原创,上演,2023-05-05,,"
出品：北京环球百老汇文化发展有限公司 瀚纳影业 北京保利剧院管理有限公司","导演：John Rando
编舞：Joshua Bergasse
编剧：黄湛中
舞美设计：TIM HATLEY
灯光设计：TIM LUTKIN
编曲：JASON HART
配器：CHARLIE ROSEN
中方音乐总监：陈超
服装造型设计：卜柯文
中方编舞：牛俊杰
多媒体设计：包尔温
音响设计：李想
巡演导演：王婷
道具设计：毕雨望"
剧院魅影,引进,上演,2023-05-02,世界巡演版,"
出品：上海文广演艺集团 SMG LIVE
制作：演艺大世界·上海音乐剧艺术中心
运营：上海文广演艺集团 SMG LIVE 英国真正好集团","执行导演：Rainer Fried
音乐监督：Kirsten Blodgette
执行编舞：Denny Berry
音乐总监：赵继昀
驻团导演：陈星翡
驻团编舞：郭祯容
总制作人：马晨骋
制作人：赵晨琳
联合制作人：阿云嘎
译配总监：陈少琪
译配统筹/歌词译配：吴懿铖
歌词译配：章翔 朱适琪
对白翻译：付蕾"
异想天开,引进,上演,2023-04-29,"百老汇音乐剧《The Fantasticks》中文版
编剧&作词：Tom Jones
作曲：Harvey Schmidt","
出品&制作：满堂彩文化","制作人：李响
执行制作人：程婕
制作助理：赵萱
导演：李响
导演（2022年版）：陈浩
编舞：蔡晓强
编舞助理：小黑
音乐总监：吴涵婧
舞美设计：陶象驹
剧本译配：刘阳
舞台监督：王逸潇
视频导演&监制：孙敬季
艺术顾问：金小山
灯光设计：郭欣海
音响设计：张效源
项目总监：陈鹭虹"
城堡,引进,上演,2023-04-28,"原版韩国
版权致谢 DOUBLE K ENTERTAIMENT
编剧/作词 KIM SUNMI
作曲/编曲 许秀贤","
出品/制作：上海致敬文化传播有限公司
联合出品：亚华湖院线","导演：朴智慧
音乐总监：王诗培
剧本润色&歌词译配：小鱼汤
编舞：蔡贤源
舞美/道具设计：王石青
灯光设计：郭欣海
音响设计：厉紫薇
服装设计：洪文基
剧本翻译：鱼蛋"
觉醒年代,原创,上演,2023-04-28,,"
出品单位：北京广播电视台 北京开心麻花演艺经纪有限公司
联合主办：北京保利剧院管理有限公司","导演：高瑞嘉
编剧：王怡娃 程乐儿
联合编剧：李文贤
作词：孙浩程 王怡娃
作曲：陈祺丰 魏虎虎
编曲：魏虎虎 陈祺丰 李俊成
音乐总监：颜嘉瑄
编舞：张恩淑（韩国）
舞美/灯光设计：任冬生
舞美设计：王立峰 李懿君
灯光设计：胡博
音响设计：谢彬
造型设计：赵津
多媒体设计：李菊菲"
Hi Hi 莎士比亚,引进,上演,2023-04-21,"原著编剧:方俊杰
作曲:张贝琳
英文原作歌词: Banjamin S.Robinson","
出品：成都繁星戏剧村·OFF STAGE Live","导演：叶逊谦
普通话剧本翻译及歌词改编：岑伟宗"
天蓝海蓝,原创,上演,2023-04-16,,"
出品：中国歌剧舞剧院 中国航空工业集团有限公司",
传说,原创,上演,2023-04-15,,"
出品制作：上海旋行文化传播有限公司","作词作曲：李猛
舞蹈编导：牛俊杰
舞美设计：李奥
服装设计：阳东霖
灯光设计：金德超
音响设计：曲乐
造型设计：曾卫
制作人：薛小宁
项目统筹：徐琛
舞台监督：白东怀"
广交天下,原创,上演,2023-04-15,,"
出品：珠江电影集团
制作/演出：珠影乐团 珠影广州歌剧院 广东省外语艺术职业学院",
瓶中的大海,原创,上演,2023-04-05,原创实验音乐剧,"
出品制作：AMA","编剧/音乐创作/主演：小老虎
声音设计/现场钢琴演奏：文亮
舞蹈总监/现代舞舞者：王珈榕"
渔家,原创,上演,2023-04-04,渔歌音乐剧,"
主办单位：中共惠州市委宣传部 惠州市文学艺术界联合会 惠州市文化广电旅游体育局 中共惠东县委
承办单位：惠州市音乐家协会
演出单位：惠州歌舞剧院
运营单位：绘洲文化传播有限公司","编剧：赖房千
作曲：梁军 王少辉
导演：陈才"
幸福的烟火,原创,上演,2023-04-03,,,
苏州河北岸,引进,上演,2023-03-21,,"
出品制作：上海犹太难民纪念馆","编剧&导演&作词：孙惠柱
作曲&编曲：徐肖
舞美&灯光总设计：伊天夫
编舞：刘晓邑
服装设计指导：诸雅"
奇妙咖啡屋,原创,上演,2023-03-18,,"
出品：厦门爱光年文化传媒有限公司","导演：彭为
词曲：张云柯 蔡缤"
狗和猫的时间,引进,上演,2023-03-17,"原版韩国
版权致谢
ATEOD Corporation
编剧/作词：韩在恩
作曲：朴贤淑","
出品/制作：上海致敬文化传播有限公司
联合出品：亚华湖院线
2025项目出品：星辰盛想","导演：张慧
音乐总监：王诗培
歌词译配：小鱼汤
舞蹈编导：梁燕妮
舞美设计：秦冠杰
灯光设计：郭欣海 鲍思彤
音响设计：厉紫薇
多媒体设计：李菊菲
服化造型设计：孟思妤"
猎罪图鉴,原创,上演,2023-03-10,,"
出品/制作方：缪时客
监制/版权合作：柠檬影视
联合出品：大麦｜Mailive 亚华湖院线 长扬文化 艺幕音乐剧 廷丘文化","总导演：周小倩
导演：闻小炜
作曲：陈祺丰
编剧：吕学平
作词：范煜群 吕学平 赵雪韵
音乐总监：魏诗泉
编舞：刘艾
舞台总监：徐欣
唱段导演：汤爱民
主视觉创意：庞浩
舞美设计：焦燃
灯光设计：郭欣海
多媒体总监：于正
服装设计：刘辉"
道林格雷的画像,引进,上演,2023-03-03,"原版韩国
原版制作 PAGE1 & CJES ENTERTAINMENT
编刷 李智娜（Gina Lee）
作曲 金紋延
编曲 Jason Howland、具珉京","
出品：大麦｜Mailive
联合出品：上海大剧院创制中心（SGT创制中心）
制作：当然有戏","导演：周可
音乐总监：孙钰涿
编舞：申善浩
中方编剧：王泺锡 李文贤
作词：歌特 付哲
舞美设计：沈力
服装设计：陈芊希 Simon Holdsworth
妆发设计：吴琼
灯光设计：王晶晶
音响设计：厉紫薇
道具设计：杨艺铭
多媒体设计：王梓楠"
辛吉路的画材店,原创,上演,2023-02-25,,"
出品：吾哈文化传播（上海）有限公司 亚华湖院线
制作：好好有戏","导演：张轩豪
编剧：严栋瀚 李扬
音乐总监/作词作曲：胡水
舞美设计：刘启薇 Sheryl Liu
灯光设计：何逸伦 郭沈彤
服化设计：周月
音响/音效设计：陈雪立"
爱，死机了,原创,上演,2023-01-07,"原名《宇宙尽头的你》
原作者：Carrot
编剧/作词：Park Hae-rim
作曲：Yi Min-ha
编曲：Yi Min-ha Andy@Nouveau Music Piah@Nouveau Music
原版制作公司：音乐剧 Normal Like This 由PARK Company Co., Ltd. 特别呈现","
出品制作：浙江开心麻花文旅发展有限公司","出品人/制作人：王亮
制作人：洪晔 才喻钧
制作总监：王依依
技术总监：管伟刚
执行制作人：汪帅 张梦琪
导演：马小辈儿
联合导演/阿卡贝拉人声指导：方子榕
声乐指导：崔恩尔
中文版编剧：马小辈儿 王蒙蒙
歌词译配：马小辈儿 三昧煤 白光
舞美设计：陈斯
灯光设计：王润杰
音响设计：吴天军
服装造型：黄婷玉 魏少鹏"
蝶变,原创,上演,2023-01-06,民国悬疑,"
制作出品：瞳剧场","作曲/音乐总监：张钰曈 叶健锋
编剧/制作人：华安 赵馨源
导演：陈天然
舞蹈编导：刘咿伊
灯光设计：郭欣海
音响设计：张云飞
舞美设计执行：芦旭章"
狄俄尼索斯,原创,上演,2023-01-05,,"
出品：又戏又乐时代戏剧工厂 葆德威 BDWAY
联合出品：亚华湖院线 杰鑫演艺
制作：葆德威 BDWAY","出品人/制作人：范幸华
联合制作人：杨斯越
作曲/音乐总监：黄一@ROOM 4A
编剧/作词：蒋儒枫
导演：马远
声乐指导：李琦
作词：陈恬@ROOM 4A 乐逸帆@ROOM 4A
舞美设计：张晨贤
灯光设计：刘海渊
声场设计：刘俊杰
音效设计：王轶轩
多媒体设计：张晨贤
舞监团队：上海铄雅文化传播有限公司
编舞：周晓辉
副导演：蔡雪儿
造型设计制作：鲸逸艺术空间
造型指导：李亭逸
造型设计：王晓艳
服装设计：朱雨晴
化妆设计：舒晓阳
舞美设计助理：史智丞
驻场舞监：刘田田
置景团队：聚英堂
声音出演-宙斯：贾邱
声音出演-赫拉：龚晓
声音出演-童年狄俄尼索斯：曹青羽
声音出演-电话里的编辑：王也农
声音出演-记者：王维帅 许子皓 尤美"
平箫玉笛,原创,上演,2023-01-04,,"
出品制作：玉屏侗族自治县文体广电旅游局",
还在路上,原创,上演,2023年,,"
演出团队：台湾师范大学表演艺术研究所",
夜半歌声,原创,上演,2022-12-28,,"
出品单位：上海大光明文化（集团）有限公司 仙童国际戏剧文化（北京）有限公司
制作单位：仙童国际戏剧文化（北京）有限公司","出品人：夏锋 安庭
监制：李桂萍 王悦
制作人：李东
联合制作人：佟姗珊
总叙事/编剧/导演：牟森
作曲：李京键 靳锐
联合导演：孙小茗
执行导演/编舞：李承珅
音乐总监：靳锐
作词：吴冰
联合编剧：马原驰 张立国
表演指导：江珊
声乐指导：李梦石
（序幕）戏中戏导演：刘晓邑
声乐指导：陈冉
舞美设计：信阁
灯光设计：谭华
声音艺术家：姚大钧
服装造型设计：莫小敏
技术总监：许哲斌
舞台监督：雷芃
多媒体设计：吴泓华
执行制作：陶阳阳"
莎翁乐园,引进,上演,2022-12-24,"原版韩国
编剧·作词：Kim, Han-sol
作曲·编曲：Kim, Chee-young
舞美设计：Lee, Eunkyung
灯光设计：Lee, Joowonh
服装设计：Kim, Eunyoung
道具设计：Noh, Juyeonn","
出品制作：上海文化广场剧院管理有限公司","导演：Kim, Dong-yeon 金动渊
舞蹈编导：Song, Hee-jin 宋熙辰
艺术监制：费元洪
中方音乐总监：姜清华
中文剧本、译配：赵睿
中方舞美设计：唐一飞
中方灯光设计：郭欣海
中方造型设计：韩卓言
中方道具设计：安慧慧 徐昌奇
音响设计：马斯琪"
风刃,原创,上演,2022-12-07,,"
出品：沈阳市文化旅游和广播电视局 沈阳市公共文化服务中心(沈阳市文化演艺中心)
创排：沈阳演艺集团(沈阳歌舞团、沈阳曲艺团)",
基督山伯爵,引进,上演,2022-12-02,"原版俄罗斯
编剧：尤利·金
作曲：罗曼·伊格纳季耶夫
舞台导演：阿丽娜·谢维克
编舞：伊瑞娜·科尼耶娃
舞台服装设计：维亚切斯拉夫·奥库涅夫
灯光设计：格莱布·菲尔什廷斯基
化妆造型设计：安德烈·德莱金
灯光总监：亚历山大·西瓦耶夫
合唱指导：娜塔莉亚·西多尔佐娃
助理编舞：乌利亚娜·巴切尔尼科娃 弗拉迪斯拉夫·努内斯·罗密欧","
出品：北京演艺集团
联合出品：上海文化广场剧院管理有限公司
制作：北京歌剧舞剧院","中方执行导演/巡演导演：徐栋
中方编舞：沈玮煜 崔妍
音乐总监：张筱真
音响设计：曲乐
歌词译配：歌特"
嘿！亚利桑那,引进,上演,2022-12-01,"原版韩国
编剧/作词:SungJong Wan
作曲: Kim Eun Young","
出品方：上海开心麻花文化传媒有限公司
联合出品：上海兜兜米文化传播有限公司","导演：高瑞嘉
音乐总监：颜嘉瑄
舞蹈编导：江帆
译配：黄菀卿
剧本歌词润色：周佩剑
舞美设计：秦冠杰
灯光设计：刘海渊
音响音效设计：马斯琪
服装设计：YANRAN"
流光时代,原创,上演,2022-11-12,全景沉浸式音乐剧,"
联合出品：上海东方艺术中心管理有限公司 北京保利剧院管理有限公司","制作人：林海
音乐总监：李泉
编剧/作词：王童
导演：张影伦"
唐朝诡事录之曼陀罗,原创,上演,2022-11-11,,"
出品&制作：长信传媒 立次方","出品人：岳丽娜
策划：薛鑫
艺术总监：郭靖宇 柏杉
宣传曲作词：方文山
特邀旁白：杨志刚
总制作人：高鹏
导演/作词：马达
音乐总监/作曲：张筱真
舞美设计：焦燃
服装造型设计：张紫微
灯光设计：王润杰
监制：郝雷
制作人：徐达
舞蹈编导：陈一飞
导演：韩婷
编剧：孙浩程 马达"
最美的一天,引进,上演,2022-11-05,中国台湾新生代音乐剧创作团队“C MUSICAL”授权出品,"
出品/制作：上海魅鲸文化有限公司
联合出品：亚华湖院线 MOriginal莫瑞吉 一台好戏文化传媒有限公司","出品人：席锡奇 王作文
出品人&制作人：邵先磊 赵宇豪
导演：程佩弦
音乐总监：颜嘉瑄
编舞：梁燕妮
制作助理&舞台监督：王暄
视觉总监：郭欣海
舞美设计：谢子玄
灯光设计：鲍思彤
服化设计：顾文嫣"
画皮,原创,上演,2022-11-04,东方魔幻音乐剧,"
出品：浙江瑞锦文化演艺有限公司
联合出品：淄博市演艺中心 杭州深蓝梦图","编剧/作曲/艺术总监：付林
总导演：赵永斌
音乐制作：华乐新势力文化传播（北京）有限公司 谭伊哲
配器编曲：谭伊哲 高漠伊 杨振华
舞蹈编导：张恩淑（韩国）
结构改编：王薇
舞美设计：张鵾鹏
多媒体设计：包尔温
服装设计：曹婷婷
灯光设计：王琳涵 计韵翰
音响设计：刘志敏
造型设计：詹妮"
投我一票 梦想无穷,原创,上演,2022-11-04,,"
授权：果陀剧场
制作出品：果宇全球
主办：百庭文化",
卡拉马佐夫兄弟,引进,上演,2022-10-28,"原版韩国
编剧：金经柱
作曲：李珍旭","
出品：上海大剧院
制作：上海大剧院创制中心（SGT创制中心）","导演·剧本润色：吴世爀
舞美设计：金大韩
中方导演：李松楠
音乐总监·钢琴：姜清华
编舞：汪涛
服装设计及制作：JLbespoke
剧本翻译·歌词译配：刘天然
灯光设计：李博文
音响设计：路博研"
红色电波,原创,上演,2022-10-27,北京文化艺术基金2023年度资助项目,,
Amanda的三十八岁生日,原创,上演,2022-10-21,,"
出品单位：上海上艺戏剧社 上海亚欧投资管理有限公司 P.L.A.Y.计划应用戏剧研究中心
演出单位：上海上艺戏剧社
首轮出品单位：上海焰羽文化传播有限公司
首轮协办单位：“百·千·万字剧”编剧工作坊","制作人：张磊
编剧：张燕
导演、作词：范煜群
作曲、编曲、音乐总监：顾易
编舞：申帅
舞美设计：王韦予
灯光设计：郝思一
造型设计：陆笑笑"
亦梦亦真,原创,上演,2022-10-20,,"
出品制作：北京演艺集团","编剧/作词：许锐 张文潇
作曲/编曲：郭思达 郭思冶 南国宪
导演：王婷婷
舞蹈编导：牛俊杰
舞美设计：王琛
灯光设计：王琦
多媒体设计：张松
服装设计：魏巍
造型设计：刘恋
音响设计：杜进 王莉兵"
安娜·卡列尼娜,引进,上演,2022-10-15,"原版俄罗斯
编剧：尤利·金
作曲：罗曼·伊格纳季耶夫 
导演：阿丽娜·切维克 
编舞：伊琳娜·科尔涅耶娃
音乐总监：康斯坦丁·赫瓦特涅茨
舞美/服装设计：维亚切斯拉夫·奥库涅夫
灯光设计：格列勃·费里施金斯基 
化妆造型设计：安德烈·德雷金","
制作出品：中演文化服务 柏亚（北京）文化传媒
联合出品：天津歌舞剧院 成都市兴文投资发展有限公司","中文剧本/译配：刘文飞
中方导演：雷悦
中方音乐总监：赵继昀
中方舞蹈编导：俞辰曦
中方声乐指导：李偌祎"
白夜追凶,原创,上演,2022-10-14,原著作者：指纹,"
出品/制作：接着奏乐接着舞
出品制作：上海定海神针影业有限公司
联合出品：大麦｜Mailive 演艺大世界·上海音乐剧艺术中心 蓝色天际文化传媒 凤仪文化娱乐集团有限公司","出品人：胡彦斌
艺术总监：胡彦斌
制作总监：何念
编剧：肖诗瑶 石文婷
导演：刘旻姿
作曲/音乐总监：张博
作词：石文婷
唱段导演：汤爱民
编舞：周聪
舞美设计：陈凤华
灯光设计：陈璐
服装造型设计：赵欣（饺子） 刘善通
道具设计：刘一平
音响设计：张效源"
三里屯42号,原创,上演,2022-10-01,,"
出品单位：北京市朝阳区文学艺术界联合会
制作单位：北京柯音剧场文化传媒有限公司",
香水之谜,原创,上演,2022-10-01,双环境式音乐剧,"
出品：上海浸行时文化创意有限公司","制作人：刘轩宇 杨介 沈晓乐
执行制作人：胡彦洲
导演：程佩弦
编剧/作词：孙浩程
作曲：张晓丹
音乐总监：徐唯尊
编曲：党纳庆
编舞：朱佳艳
技术总监：席成刚
设计总监：黄沁潇
舞美设计：邓伟
灯光设计：杨杉
音响设计：刘畅
多媒体设计：刘先瑞
服装设计：冯璟欣
道具设计：钱漪文"
斜杠进化论,原创,上演,2022-09-30,上海文化发展基金会资助项目,"
出品制作：茸熊有文化
联合制作：皆大欢戏文化传媒（上海）有限公司
2022联合制作：MossArt 缪肆文化","编剧/作词/作曲/编曲：凌零
联合编剧/作词：李狻猊
导演：胡晓庆
联合导演：陈天然
音乐总监：张钰曈
舞蹈编导：梁燕妮
舞台监督：赵馨源
舞美设计：陶象驹
灯光设计：郭欣海
音响设计：张添一
服化设计：原储睿
助理舞监：孔竹
上海文化发展基金会青年编剧项目导师：金复载
嘻哈风格指导：叶健锋
“小橘子选段”参与编曲：夏恩慧
“魔镜选段”参与编曲：叶健锋
出品人/制作人：凌零
制作人/戏剧构作：华安
联合制作人：赵宇豪 陈睿力"
翻国王棋,原创,上演,2022-09-27,环境式驻演音乐剧,"
制作/出品：上海魅鲸文化有限公司
出品：亚华湖院线
联合出品：可韵视听","出品人：王作文 席锡奇 邵先磊 阮豪
总制作人：王作文
编剧：付蕾
作曲＆音乐总监：梁昕
导演：佟欣雨
舞蹈编导：李辰川
舞美设计：秦冠杰
灯光设计：成瑜
音响设计：梁昕 刘世疆
服装造型设计：顾文嫣
道具设计：Martin Wong"
江姐,原创,上演,2022-09-23,,"
出品：北京电影学院 中共重庆市北碚区委组织部 中共重庆市北碚区委宣传部 重庆市北碚区文化和旅游发展委员会 重庆市北碚文化旅游发展有限公司 爱茉莉（北京）文化传媒有限公司
联合出品：重庆文化产业投资集团有限公司 北京保利剧院管理有限公司
演出：北京电影学院表演学院","导演：王艺埙
作曲/音乐总监：安栋
编剧/作词：马达
作曲：陈祺丰
项目发起人、艺术总监：王莉
执行编剧：韩婷
舞美设计：焦燃
多媒体视觉设计：孔江
灯光设计：冯彦臣
服装设计：阳东霖
造型设计：莽珊珊
音响设计：范明宇"
绽放,原创,上演,2022-09-07,,"
出品：云南省文化和旅游厅 中国东方演艺集团 北京保利剧院管理有限公司 人民网股份有限公司
全国巡演运营总代理：北京保利剧院管理有限公司
联合出品：建投 (北京) 文化有限公司 红河州歌舞团 中国教育报刊社人民教育家研究院
联合出品/运营：深圳市聚橙网络技术有限公司
演出单位：中国东方演艺集团 红河州歌舞团","总导演：廖向红
编剧/作词：冯必烈
作曲：沈丹
导演：霍樱
表演指导：侯岩松
复排导演：田依凡
声乐指导：李倩 巴特尔
舞蹈编导：陈伟科 仝丹 潘旭东
舞美设计：王琛
灯光设计：邓文
服装设计：车成轩
多媒体设计：包尔温
造型设计：杨春梓
音响设计：于乃坤
编曲：何天程"
呼救HELP,原创,上演,2022-09-03,沉浸式惊悚悬疑音乐剧,"
出品：缪时客 亚华湖院线","导演：张志林
作曲/编曲/音乐总监：陈祺丰
编剧/作曲：董青青"
青春禁忌游戏,原创,上演,2022-09-01,"原著【俄罗斯】：柳德米拉·拉祖莫夫斯卡娅
原著译者：童宁","
出品制作：上海意幕文化传播有限公司
联合出品：上海泰翎文化传播有限公司 北京保利剧院管理有限公司 上海市演艺有限公司 SMG Live Theatre","出品&制作人：栾文硕
联合出品人：沈悦 郭文鹏 姚睿
制作顾问：马晨骋
导演：栾岚
制作人：韩笑
编剧：王庐璐
作曲＆编曲：徐唯尊
舞台&灯光设计：伊天夫
编舞：高小雅
服装设计：陆坤
音响设计：吴天军"
堕落天使,引进,上演,2022-08-26,原版韩国,"
出品制作：上海致敬文化传播有限公司","剧本翻译：黄菀卿
剧本润色/歌词译配：范煜群
中方导演：冒海飞
中方音乐总监：姚迪
中方编舞：王壹
音响设计：王佳鸣
多媒体设计：周涛"
星际信使,引进,上演,2022-08-13,"原版韩国
编剧&作词：白承祐
作曲&作词：李宥姃","
制作出品：上海文化广场剧院管理有限公司","导演：Kim, Dong-yeon 金动渊
联合导演：Song, Hee-jin 宋熙辰
艺术监制：费元洪
音乐总监：张毅
剧本翻译&歌词译配：黄菀卿
中方舞美设计：唐一飞
中方灯光设计：林智昇
中方音响设计：厉紫薇
中方服装造型设计：诸雅"
我在时间尽头等你,原创,上演,2022-08-10,改编自郑执同名原著小说,"
出品：大麦｜Mailive
制作：当然有戏","导演：石路
编剧/作词：朴海琳
中方编剧：陈效
作曲：闵灿泓
中方作词：李文贤
音乐总监：孙钰涿
编舞：王亚彬
舞美设计：陶象驹
灯光设计：苗春雨
多媒体设计：包尔温
服化设计：宋橇
音响/音效设计：曲桐乐"
威尼斯商人,原创,上演,2022-08-05,"环境式音乐剧
原著 莎士比亚","
出品公司：北京花语棠娱乐文化传媒有限公司","出品人：司铁山 李妮
制作人/总导演：李妮
灯光指导：胡耀辉
改编：孙照年
导演：梁宇
作曲：邹睿
视觉总监：Michelle L Li
运营总监：瑶澄
舞美设计：李丹
服装设计：李易妙莲
灯光设计：张赫 华筝
舞蹈编导：卢池源 梁宇
场景设计：门晓光 李丹
道具设计：门晓光 莲子
音响设计：张雷
妆发设计：李晓晨
执行制作：张鹤 赵燕
舞台监督：任喜涛 胡李兰"
蝶恋天山,原创,上演,2022-07-29,,,"编剧：秦朗
导演：董红
艺术监制：白祥荣
作曲：周友良
音乐制作：钟建龙
舞美设计：涂俊
服装设计：张柏源
灯光设计：赵剑 吴文贤
舞蹈编排：郝艳红 努尔古丽·尼合木江"
银河铁道之夜,引进,上演,2022-07-29,"原版韩国
原著：宫泽贤治 [日]
版权致谢：Double K ENTERTAINMENT
编剧｜作词：成鐘完
作曲：李洲元","
出品&制作：上海致敬文化传播有限公司
联合出品：高杨工作室 亚华湖院线","小剧场导演：李乐尧
中剧场导演：冒海飞
剧本润色、译配：小鱼汤
小剧场音乐总监：王诗培
中剧场音乐总监：姚迪
小剧场编舞：张恩淑（韩国）
中剧场编舞：刘仙意
小剧场舞美设计：唐琦
中剧场舞美设计、道具设计：王石青
灯光设计：郭欣海
中剧场多媒体设计：潘遥
小剧场音响设计：于乃坤
中剧场音响设计：厉紫薇
服装设计：章月儿
中剧场妆发设计：刘辉"
吸血鬼亚瑟,引进,上演,2022-07-24,"原版韩国
编剧：So Whiwon
作曲：Kim Dree
改编：Park Hae Rim","
出品&制作：上海睿鱼淳海文化传媒有限公司
联合出品：亚华湖院线","制作人：张韧 张曼
导演：古家鹏
复排导演：赵毅劼
音乐总监：李徐威
中文剧本：赵睿
歌词译配：赵睿 李徐威
编舞：刘艾
舞美设计：李奥
灯光设计：郭欣海
音响设计：陈雪立
服装造型设计：韩卓言"
阴天,引进,上演,2022-07-22,"原版韩国
编剧/原版导演：成鍾完
作曲/原版音乐总监：金殷英
舞台/道具设计：林奎養
服装设计：金度沇
妆发设计：金民京","
出品/制作：上海致敬文化传播有限公司
联合出品：NEO Production 亚华湖院线","首轮剧本翻译：黄菀卿
首轮剧本润色/歌词译配：范煜群
首轮导演：高瑞嘉
首轮音乐总监：周可人
首轮编舞：张恩淑（韩国）
首轮灯光设计：杨冬青
首轮音响设计：于乃坤
三轮导演：赵伟钢
三轮音乐总监：王诗培
三轮剧本润色/歌词译配：潦草
三轮舞蹈编导：王壹
三轮灯光设计：金德超
三轮服装设计制作：刘魁"
富春璧合,原创,上演,2022-07-17,2022年度福建省舞台艺术精品工程重点剧目,"
出品：福建省歌舞剧院 浙江瑞锦文化演艺有限公司","艺术总监：孙砾
作曲：李海鹰
作词：吴幼麟 魏强 李海鹰
导演：李铭佳"
沉默的真相,原创,上演,2022-07-15,原著作者：紫金陈,"
出品/制作方：缪时客
联合出品：亚华湖院线 重演戏剧 长扬文化
出品制作：廷丘文化","导演：丁伟 王海鹰
唱段导演：汤爱民
作曲/音乐总监：张博
编剧：肖诗瑶 石文婷
作词：石文婷
编舞：刘旻姿
舞台总监：徐欣
舞美设计：焦燃
灯光设计：冯彦臣
服装设计：刘辉
音效设计：康祺巍 @Linktune studio"
摘星辰,原创,上演,2022-07-01,,"
联合出品：保利演艺 王者荣耀","出品人：王波 郭文鹏 姚晓光
总策划：姚睿 渠红艳 张朝慧 纪泽锋
总监制：彭漪微 李旻 黄蓝枭 王怡文
总制作人：孙义玮 张羽莎 张雅斐
联合制作人：毕然 陈思羽 陈言焱
特别支持：郭保京 张煜鹏
导演/编舞：Martino Müller
导演助理：Pieter Van Nieuwenhuyze
音乐总监/作曲：Polle Van Genechten Pieter Van Nieuwenhuyze Martino Müller
联合编舞：娄梦涵
编曲：Huub Van Loon Polle Van Genechten
音响设计：Huub Van Loon Zoé Beekes Polle Van Genechten Martino Müller
舞美/灯光设计：Eric Soyer
多媒体设计：Mathieu Sanchez
服装造型道具设计：Caroline Van Assche
舞美设计助理：Marie Herve
灯光设计助理：Gwendal Mallard
中方导演：周笑微
编剧/作词：张然
中方音乐总监：金帆
中方音乐助理/音乐组翻译：亓梦婕
国际统筹/戏剧构作：王婧
音乐组技术：黄浩
巡演导演：李欢
巡演编曲：金帆 王海旭 林逸航 饶鹏程
录音&混音：九紫天诚录音棚
声乐指导：严沁阳
文学顾问：麻文琦
台词指导：赵国栋
舞蹈排练指导：梁樱子
舞台监督：冯宁馨
技术总监：范朝炜
技术经理：霍士新 娄冬
技术统筹：徐栋
中方服装：傅小D 刘辉
中方灯光：刘海渊 乔小鹏
中方音响：袁闯
中方多媒体：鲁统竹
演出舞团：四川省歌舞剧院 四川现代舞团"
这里冬天不下雪,原创,上演,2022-06-24,,"
出品：南方歌舞团","总策划/制作人：黄倩
总监制：邓士敏 梅昀
导演/编剧：刘溯溪
联合编剧：付哲
作曲：谭浩
编舞：王婷
音乐总监：李徐威
舞美设计：张鵾鹏
灯光设计：郭欣海
服化设计：韩卓言
编曲：马原
音响设计：陈珞
音效设计：黎法禄
多媒体设计：于杨 黄梓健
视觉设计：陈逸臻设计事务所"
苏东坡,原创,上演,2022-05-04,,"
出品方：苏州湾大剧院
制作方：苏州湾大剧院
出品方：四川三尊大苏传媒有限公司 四川文化产业投资集团有限责任公司",总导演/编剧/作曲/作词：沈庆
熊猫,原创,上演,2022-04-29,主题驻场音乐剧,"
出品制作：成都成华蝶舞华天文化发展有限公司
联合出品：成都金舞蝶韵文化发展合伙企业 成都华天文化旅游开发有限责任公司 深圳金橙资本管理有限公司
制作单位：成都成华蝶舞华天文化发展有限公司 何李活(深圳)音乐剧产业发展有限公司
演出单位：成都成华蝶舞华天文化发展有限公司","编剧/导演：周可
作曲：张少瑛
作词：梁芒
联合编剧：卞昶祯
编舞：李思怡 胡博文
音乐总监：赵继昀
舞美设计：李奥
灯光设计：罗林 赵全世
音响设计：袁闯
多媒体设计：戴炜
服装造型设计：张奇
妆发造型设计：赖仁纯"
拉齐尼·巴依卡,原创,上演,2022-04-22,,"
主办单位：新疆维吾尔自治区党委宣传部 新疆维吾尔自治区文化和旅游厅
创演单位：中共喀什地委宣传部 喀什地区文化广播电视和旅游局 中共塔什库尔干塔吉克自治县委员会宣传部 塔什库尔干县文化体育广播电视和旅游局 西演文化产业集团",总导演：蔡薇蔓
一封陌生女人的来信,原创,上演,2022-03-26,改编自茨威格同名短篇小说,"
荣誉出品：四川疯狂戏剧文化传播有限公司 四川惑不凡文化传播有限公司
联合出品：中演现场(成都) 文旅发展有限公司 成都市兴文投资发展有限公司
全程运营：四川壹现场文化传播有限公司","编剧/导演：任苑
制作人：游海舟
作曲：阿隆
作词：任苑
编曲：阿隆 柯皓燃 林峰
音乐总监：郑敏
舞蹈指导：徐颖程
舞美设计：冯锡熙 陈杰
服装造型设计：张丹丹"
致命旋律,引进,上演,2022-03-06,"原版韩国，钢琴LIVE。
编剧/作曲/作词：Damiro","
出品公司：浙江开心麻花文旅发展有限公司","出品人/总制作人：王亮
制作人：洪晔 才喻钧 刘园园
总策划：刘威
制作总监：才喻钧
执行制作人：李婉怡 郭旭
导演：高瑞嘉
复排导演：王培杰
剧本润色：吴世爀
中文版剧本总监：王建华
中文版编剧：冯千里
音乐总监：李徐威
歌词译配：冯千里 吴青桐 苗杰 王烨
剧本翻译：静国玲
舞美/服装设计：刘启薇 Sheryl Liu
灯光设计：杨冬青
音响设计：谢彬"
马不停蹄的忧伤Ⅱ,原创,上演,2022-03-04,,"
出品/制作：上海致敬文化传播有限公司 涟漪剧场
联合出品：黄舒骏 亚华湖院线 上海星在文化传播有限公司",
有一天,原创,上演,2022-02-25,,"
出品：安徽演艺集团
制作：安徽省歌舞剧院","导演：钟浩
艺术总监：赵海风
编剧：杨硕
视觉总监：陶雷
作曲：陈思昂"
粉丝来信,引进,上演,2022-01-13,"原版韩国
原版制作人：姜秉沅
原版制作出品：LIVE corp.
编剧：韩在恩
作曲：朴贤淑","
制作出品：上海文化广场剧院管理有限公司","艺术监制：费元洪
制作人：王海笑
中文版导演：高瑞嘉
中文剧本改编：王凌云
音乐总监：颜嘉瑄
舞蹈编导：刘艾
歌词译配：黄菀卿
舞美设计：徐肖寰
灯光设计：孔庆尧
服装造型设计：诸雅
音响设计：徐在坤"
火蔷薇,原创,上演,2021-12-31,沉浸式小酒馆音乐live秀,"
出品制作：花乐逗","导演、编剧：孙语涵
音乐总监：王帝"
Time Share House狂想曲,原创,上演,2021-12-24,环境式奇幻音乐戏剧,"
出品：北京爱奇艺科技有限公司
联合出品：上海整挺好文化传媒有限公司
音乐制作：超音计划Musicstudio","总制作人：潘亚州
总策划：喻丽蕊
制作人：肖珂
联合制作人：曹一凡
导演：吴泳宏
编剧：庄国辉 王麒睿
作曲/音乐总监：李沫萱Feiji
作词：孙浩程
舞蹈编导：张嘉慧
视觉总监/舞美设计：金德超
音响设计：于乃坤
2021版导演/编剧：薛晓涵 孙浩程"
阿加莎,引进,上演,2021-12-22,"原版韩国
编剧 Han Ji Ahn
作曲 Heo Soo Hyun
导演 孙智恩
服装设计 An Hyun Ju","
出品制作：一台好戏文化传媒有限公司","中方导演：胡晓庆
音乐总监：周可人
编舞：张恩淑（韩国）
中文剧本/歌词译配：金琪
歌词译配：苗杰
多媒体视觉设计：播肯视觉
音响设计：于乃坤
灯光设计：杨冬青
化妆造型设计：杨晨
音效设计：于典
技术总监：宁晓康
制作总监：李子纯
执行制作人：姜楷霖
执行舞台监督：孙东琛"
Little Jack小杰克,引进,上演,2021-12-21,"原版韩国，环境式音乐剧
原版音乐剧制作: HJ CULTURE
原作编剧:Ok, Kyung Sun
原版作曲: Damiro","
出品：上海星在文化传播有限公司 宁波再干一杯文化传播有限公司出品
联合出品：上海飞麟文化传媒发展股份有限公司","出品人：朱寅 郑宇希
制作人：杨聿敏
导演：马远
音乐总监：Ricky
戏剧构作 中文剧本：王非一
中文歌词：一棵棉的花 陈棋尔
舞美设计：张轶霖
灯光设计：郭沈彤
服化设计：刘辉
技术设计：邵振东
音效设计：王轶轩 Woody"
人间失格,原创,上演,2021-12-10,,"
出品&制作：染空间_上海欢翼文化传播有限公司
联合出品：北京保利剧院管理有限公司 大麦｜Mailive 江苏文投资本管理有限公司","编剧：文雅 章明珠
导演&演出总监：许翀烨
导演&编舞：长谷川宁
作曲：Frank Wildhorn
编曲&音乐指导：Kim Scharnberg
作词：EZ-Ven 黄雅洁 杨静一 Tracy Miller Carly Robyn Green
音乐总监&编曲：孙钰涿
特邀主视觉设计：陈漫
舞美设计：Leslie Travers
灯光设计：陈焯华
服装设计&平面设计：张国文清
音响设计：于乃坤
多媒体设计：黄志伟"
One More,引进,上演,2021-12-09,原版韩国,"
出品公司：佳诺文化",
审判日,原创,上演,2021-11-26,,"
主办单位：中共烟台市委宣传部 烟台市文化和旅游局
演出单位：烟台市文化艺术中心歌舞剧院","编剧：张积强 王娟
总导演：邱晓晨
作曲：武凯"
罗密欧与朱丽叶,引进,上演,2021-11-26,原版法国,"
制作出品单位：北京九维文化传媒有限公司 上海文化广场剧院管理有限公司
联合出品单位：中国东方演艺集团 北京演艺集团",
再见·Echo,原创,上演,2021-11-25,,"
出品制作：呱唧戏剧
联合出品：芒果音乐 亚华湖院线",
瞿秋白,原创,上演,2021-11-20,,"
出品制作：福建省歌舞剧院",
人鬼情未了,引进,上演,2021-11-13,原版美国,"
出品制作：涵金文化",
福尔摩斯：安德森家的秘密,引进,上演,2021-11-11,原版韩国,"
出品制作：深圳市聚橙网络技术有限公司 聚橙音乐剧",
南唐后主,原创,上演,2021-11-06,,"
出品：上海剧伙音乐文化有限公司 上海上玺文化传播有限公司
制作：上海剧伙音乐文化有限公司","导演/编舞：刘晓邑
作曲/编曲/音乐总监：张博
编剧/作词：张吟昕
联合编剧/作词：孙浩程 付哲
特邀作词：甘世佳
舞美设计：徐肖寰
灯光设计：何逸伦
服化设计：刘善通 赵欣（饺子）
音响设计：于乃坤
音效设计：夏天"
无法访问,原创,上演,2021-11-04,沉浸式近景音乐剧,"
出品制作：西戏","导演：樊冲
出品人/总制作人：董云衍
艺术监制：王海笑
音乐监制/作曲：徒有琴
编剧/作词：季小岚"
闪闪的红星,原创,上演,2021-10-28,根据李心田同名长篇小说改编,"
出品单位：中共瑞金市委 瑞金市人民政府
联合出品：深圳鼎瀚映画文化传播有限公司 同一首歌传媒（赣州）股份有限公司
主办单位：瑞金市文化广电新闻出版旅游局 闪闪红之星文化传媒（瑞金）有限公司
承办单位：北京兰桂齐芳国际文化传播有限公司企","编剧：曹瑜
总导演：王哲 蒋雅頔
音乐总监：王亦然"
寻找家人,引进,上演,2021-10-01,原版韩国,"
出品单位：北京大道文化节目制作有限公司 南京海笑文化传播有限公司 苏州文化艺术中心
制作公司：南京海笑文化传播有限公司","出品人：王燕玲 徐海松 陈龙
艺术总监：陈佩斯
制作人：王海笑"
伪装者,原创,上演,2021-09-15,,"
制作出品：演艺大世界·上海音乐剧艺术中心
联合制作出品：上海文广演艺集团 SMG LIVE 浙江贤君影视文化有限公司 大麦｜Mailive","制作人：靳东
原著作者、编剧：张勇
执行编剧：小鱼汤 吴世爀
导演：高宣雄 马晨骋
作词：甘世佳
作曲：田汨
编舞：申善浩
音乐总监：王诗培
舞美设计：沈力
灯光设计：任冬生
视频设计：胡天骥
音响设计：于乃坤
服装设计：阳东霖"
我的两万个兄弟,原创,上演,2021-08-25,,"
出品单位：四川省歌舞剧院有限责任公司 通江县文化广播电视和旅游局
演出单位：四川省歌舞剧院有限责任公司","编剧：陈丽丽
联合编剧、作词：董玉方
导演：敖晓艺
作曲：王楚翔
舞台美术设计：申奥
灯光设计：刘志鹏
服装造型设计：沈龙
多媒体设计：袁朝伟"
约定·香奈儿,原创,上演,2021-08-13,,"
主办：焦媛实验剧团",编剧/联合艺术总监/主演：焦媛
梦见狮子,原创,上演,2021-08-03,,"
出品方：爱奇艺星尘工作室
联合出品：长信传媒 诸神联盟影业",
家,原创,上演,2021-07-30,原著：巴金,"
出品制作：中央戏剧学院实验剧团","文学顾问：李小林
出品人：郝戎
艺术总监：刘杏林
项目监制：孙亮
作曲：戴劲松
作词：陈小玲
音乐剧编剧：陈小玲
导演：刘红梅 李雄辉
舞台设计：边文彤
灯光设计：胡耀辉
服装、化装设计：孙晓红
舞台造型体现：张庆山
音响设计：冯翯
影像设计：李东青
舞蹈设计：王克 刘莉娜 龚齐杰
音乐制作：戴劲松
执行导演：陈宁"
使命必达,原创,上演,2021-07-24,,"
制作出品：广东歌舞剧院","出品人：熊健
监制：胡加
制作人：李思音
导演：高瑞嘉
编剧：杨心彦
作词：杨心彦 金桥
作曲：童达琴 张晓丹
编曲/配器：童达琴
舞蹈编导：张恩淑（韩国）
音乐总监：赵继昀
舞美设计：刘启薇 Sheryl Liu
灯光设计：杨冬青
音响设计：刘世疆
服装设计：韩卓言"
丝路之声,原创,上演,2021-07-23,,"
联合出品：陕西旅游集团 丝路欢乐世界 倪德伦环球娱乐公司 陕西旅游集团朗德演艺有限公司","总策划、总出品人：周冰
总监制、出品人：赵月望
总策划、制作人：罗伯特·倪德伦 （Robert Nederlander,Jr.）
音乐总监、作曲、巡演版艺术总监：金培达
执行制作人：董方思（Don Frantz）
巡演版制作人：韩旭
作词：梁芒
编剧：马爱思（Marc Acito）
巡演版剧本统筹：付蕾
导演：歌博瑞（Gabriel Barre）
巡演版总导演：赵永斌
形体设计、编舞：胡磊
巡演版舞蹈编导：张恩淑（韩国）
巡演版执行导演、声乐指导：王杨
巡演版声乐指导：朱芾
巡演版执行导演：徐栋
巡演版执行编舞：吴楚璇
舞美设计：Walt Spangler
巡演版舞美设计：秦冠杰
灯光设计：Ken Billinigton
巡演版灯光设计：赵全世
音响设计：袁闯
多媒体设计：Leigh Sachwitz- flora&faunavisions GmbH
巡演版多媒体设计：李风视觉艺术设计工作室
服装设计：丁冀燕
巡演版服装设计：王鹤羲
木偶设计：Stefano Brancato
木偶指导：张凯
巡演版化妆造型设计：姬英杰
技术总监：常钰金"
忠诚,原创,上演,2021-07-09,,"
出品单位：上海音乐学院 中共上海市奉贤区委员会 上海市奉贤区人民政府
承制单位：上海音乐学院音乐戏剧系","出品人：裴小倩
艺术总监：廖昌永
总监制：徐卫
总策划：曹荣瑞
总制作：冯磊
制作统筹：郭恺 汤隽杰 吴学霆 史明阳 乐佾真 陆驾云
项目统筹：韩斌 伍维曦 章斌
制作人：安栋
制作执行：吴佳 承倩雯
作曲：安栋
导演：钟浩 张轩豪
编剧：陆驾云
作词：甘世佳
音乐总监：安栋
舞蹈总监：李奇
舞美/灯光总设计：任冬生
音响总监：金少刚
多媒体总监：程瑜怀
声乐总监：汤爱民
编曲：安栋 李林
艺术辅导：刘莎
音响设计：王南南
舞美设计：刘蓓
服化设计：刘辉"
琵琶行,原创,上演,2021-07-03,"国风音乐剧
原著：白居易","
联合出品：西安市长安唐诗文化研究院 陕西秦阅文化遗产保护有限公司","出品人：安烽
总监制：刘梦
导演、作曲：于剑飞
复排导演：李华
编剧：刘盼 黎启英
视效总监：戚海福
美术总监：王敬
舞蹈顾问：卢丽霞 崔红娟"
速记员,原创,上演,2021-07-02,,"
出品/制作单位：北京九维文化传媒有限公司
联合出品：北京保利剧院管理有限公司华东分公司 北京市东城区文化和旅游局",
没有共产党就没有新中国,原创,上演,2021-06-28,,"
出品制作：北京燕都神韵演艺有限公司",
也许美好结局,引进,上演,2021-06-27,"原版韩国
编剧：威尔·阿伦森 & 朴千休
作词：朴千休
作曲：威尔·阿伦森","
制作出品：上海文化广场剧院管理有限公司
全国巡演独家总代理：北京希肯琵雅国际文化发展股份有限公司
巡演运营：南京海笑文化传播有限公司","艺术监制：费元洪
导演：Kim, Dong-yeon 金动渊
制作人：王海笑
音乐总监：姜清华
舞蹈编导：Song, Hee-jin 宋熙辰
中方导演：张博俊
剧本翻译、改编：赵睿
歌词译配：歌特
舞台设计：李银庆
灯光设计：孔庆尧
服装造型设计：诸雅
音响设计：徐在坤
道具设计：王石青
视频设计：潘遥"
北京故事,原创,上演,2021-06-19,"2020年度舞台艺术创作资助项目
彩票公益金资助-中国福利彩票和中国体育彩票","
出品制作：顺年文化传播（北京）有限公司 顺年艺术中心","总导演：郭震
作曲：刘思军
编剧：李亚男
制作人：李兰 张振维
舞美设计：王辛刚
灯光设计：孟彬
多媒体设计：胡天骥
服装设计：王钰宽
音乐艺术指导：吴寒冰
舞台监督：马国庆
舞蹈编导：刘浩骏龙
音响设计：田野
道具设计：陆鹏
化妆造型设计：田艺"
烽火家书,原创,上演,2021-06-16,,"
制作出品：上海话剧艺术中心","出品人：张惠庆
总监制：田水
艺术总监：喻荣军
联合监制：何念
制作人：吴嘉 赵媚阳
编剧/作词：喻荣军
作曲/音乐总监：张博
导演：田水
编舞：耿子博
舞美设计：王健伟
灯光设计：刘海渊
服化设计：董桂颖
多媒体设计：王佳迪
道具设计：朱晨祺 任培毅
音效设计：顾颖
音响设计：路博研
技术设计：赵明 夏利元
配器：张博 汪海蓓
说唱编写：张博 李锐涵"
双城环梦记,原创,上演,2021-06-12,,"
出品制作：开心麻花",
牦牛革命,原创,上演,2021-06-10,,"
创作演出：四川省阿坝州民族歌舞团",总导演：梁群
生死签,原创,上演,2021-06-05,,"
出品方&制作方：上海合翮文化传播有限公司
联合出品：北京保利票务发展有限公司","导演：高瑞嘉
编剧：何莹
音乐总监/作词：周可人
作曲：陈祺丰
舞蹈编导：刘艾"
灯塔,原创,上演,2021-06-02,立体环境式音乐剧,"
出品制作：上海魅鲸文化有限公司","导演：佟欣雨
作曲&音乐总监：梁昕
编剧：付蕾
舞美设计：秦冠杰
戏服及造型设计：顾文嫣
灯光设计：成瑜"
下一站爱人,原创,上演,2021-05-29,,"
出品制作：苏州市歌舞剧院","出品人：沈亿民
导演：李伯男
编剧：罗周 初夏
作曲：徐肖
视觉总监：任冬生
副导演：王政
舞蹈总监：周云
舞美设计：王立峰
灯光设计：李超
多媒体设计：孔江
服装设计：章月儿"
赵氏孤儿,原创,上演,2021-05-27,"原著/纪君祥
话剧改编/詹姆斯·芬顿
中译/金圣华、彭镜禧","
出品单位：上海徐俊文化艺术有限公司 上海东虹桥剧院管理有限公司
制作单位：上海徐俊文化艺术有限公司","音乐剧改编/导演：徐俊
作曲/音乐总监：金培达
作词：梁芒
舞美设计：谭韶远
灯光设计：萧丽河
形象设计：张叔平
化妆设计：范丛博
舞蹈设计：李辰川
音响设计：王南南
道具设计：黄裕国"
浮生六记,原创,上演,2021-05-26,"唯美实验音乐剧
原著：【清】沈复","
出品｜制作：有海文化
协作：铂金文化 太有文化
宣传：友艺文化","艺术总监/作曲：余笛
总制作人/导演/编剧/作词：田辰明
制作人：刘重欣
策划：潘烟云 朱瑞琪
统筹：侯理希 王晨钰
音乐总监：田汨 周楚航
作曲：田汨
配器：田汨 周楚航 张羣
编舞：江帆
编剧：孙岳懿 安靖文
作词：朱瑞琪
舞美设计：薛嘉
舞美制作/道具：徐立人
服化造型：王海彬
灯光设计：蒋坤
多媒体设计：代晓蓉
音效设计：范栋杰
音响总监：成伟民
音响设计：王焱 苏少钦
平面设计：林晶晶
表演艺术顾问：吕岩"
摇滚浮士德,引进,上演,2021-05-24,"原版韩国
编剧：李智娜
作曲：WOODYPAK / 李智慧
作词：李智娜 / 李智慧 / WOODY PAK
编曲：Pi Jung Hoon / Baek Seung Beom / Lee Jeong Yeon
Original Production by PAGE1and R&D Works","
出品和制作：兰境文化AMAZELAND
2021&2022 中文原版联合制作方：当然有戏","导演：Song Yong-jin（韩国）
音乐总监：吴涵婧
编舞：刘艾
中文版编剧/作词：李文贤
中方导演：韩婷
灯光设计：李博文
舞美设计：陈思帆"
在那遥远的地方2514,原创,上演,2021-05-20,,"
出品：海淀剧院
联合出品：海淀文旅集团",
宇宙大明星,引进,上演,2021-05-06,原版韩国,"
出品/制作：一台好戏文化传媒有限公司
联合出品：亚华湖院线",
致青春,原创,上演,2021-05-01,,,导演：张继钢
桑塔露琪亚,引进,上演,2021-04-30,"原版韩国，环境式音乐剧
编剧 Lee Hee Joon
作曲 Park Hyun Suk","
出品制作：一台好戏文化传媒有限公司","导演：高瑞嘉
音乐总监：周可人
环境式编舞：刘艾
镜框版编舞：杜彦昊
中文版剧本：金琪 赵阳
歌词译配：金琪 苗杰
舞美/服装设计：刘启薇 Sheryl Liu
音响设计：于乃坤
灯光设计：杨冬青
音效设计：陈雪立"
新华报童,原创,上演,2021-04-30,,"
出品：北京甲丁文化发展有限公司 文投控股股份有限公司 重庆文化产业投资集团有限公司",
致爱,原创,上演,2021-04-09,灵感来源于 A.R. Gurney 话剧作品《Love Letters》,"
出品制作：MOriginal莫瑞吉
联合出品：亚华湖院线","出品人&制作人：赵宇豪 戴责伦
导演&编剧&作词：程佩弦
编剧&作词：付哲
作曲&编曲：徐唯尊
音乐总监：吴涵婧
舞蹈编导：梁燕妮
舞台总监：陈皓楠
视觉总监：郭欣海
舞台设计：李奥
灯光设计：鲍思彤
服化设计：原储睿
音响设计：马斯琪
音效设计：史尔诺"
烟雾,引进,上演,2021-04-08,"原版韩国
原版导演/编剧：秋廷和
作曲：许秀贤","
制作方：演艺大世界·上海音乐剧艺术中心
联合制作：上海文广演艺集团 SMG LIVE","中方导演：施亦骏
音乐总监：王诗培
中文剧本：小鱼汤
编舞：金炳陈"
陪你倒数,引进,上演,2021-04-02,原版美国,"
出品制作：缪时客",
小说,引进,上演,2020-12-24,"原版韩国，推理音乐剧
原版编剧/作词：Sung, Jae Hyun
原版作曲：Jung, Hye Jin
韩国原版出品：HJ CULTURE","
联合出品：缪时客 亚华湖院线","中文版编剧：吕学平
音乐总监：陈祺丰
歌词译配：马达 吕学平 覃子瑄
舞美设计：焦燃
灯光设计：唐一飞
服装设计：刘辉"
在远方,原创,上演,2020-12-24,,"
出品：北京演艺集团
演出：北京歌剧舞剧院",
贝多芬,引进,上演,2020-12-22,原版韩国,"
出品制作：上海合翮文化传播有限公司
联合出品：南京海笑文化传播有限公司",
两个人的谋杀,引进,上演,2020-12-10,"原版美国
编剧/音乐：乔·基诺锡安
编剧/歌词：科伦·布莱尔","
制作出品：上海话剧艺术中心","导演：田水
复排导演/形体指导：付仲豪
音乐总监：姜清华
舞美设计：焦燃
灯光设计：冯彦臣
服化设计：冷佳
道具设计：刘一平
音效设计：范璟璟
技术设计：徐先根"
花落花开,原创,上演,2020-11-28,,"
出品：中国煤矿文工团",
灵魂摆渡之永生,原创,上演,2020-11-27,"改编自影视剧《灵魂摆渡》
原著 小吉祥天","
出品&制作：长信传媒 立次方","总制作人：高鹏
导演/作词：马达
作曲：张筱真
出品人：岳丽娜
艺术总监：郭靖宇 小吉祥天
总策划：薛鑫
总监制：王清 邓鸿飞
舞蹈编导：陈一飞
服装造型设计：张紫微
副导演：李乐尧
音乐监制：郝雷
制作人：徐达"
悟空,原创,上演,2020-11-20,,"
出品：上海剧伙音乐文化有限公司 上海上玺文化传播有限公司","作曲/编曲：徐肖
导演/编舞：刘晓邑
作词：付哲
编剧：付哲 薛敏
音乐总监：孙莉莎
舞台设计：张弛
灯光设计：何逸伦
服化设计：刘善通 赵欣（饺子）
木偶设计：孙昊
平面设计：倪正
音效设计：夏天
音响设计：张云飞"
我知道你会来，所以我等,原创,上演,2020-11-20,,"
出品制作：戏说（北京）文化传媒有限公司 戏说（西安）文化传媒有限公司",
第一次约会,引进,上演,2020-11-07,原版美国,"
出品：深圳市聚橙网络技术有限公司
制作：聚橙音乐剧",
重生,原创,上演,2020-09-24,,"
出品：公安部新闻宣传局 腾讯影业
联合制作：国家禁毒委员会办公室 全国公安文联 云南省委宣传部 云南省公安厅 腾讯影业
制作：何李活(深圳)音乐剧产业发展有限公司 东莞塘厦松雷音乐剧剧团 北京保利演出有限公司",
蛋壳里的心跳,原创,上演,2020-09-19,"2020年为1.0版
2021年升级为《蛋壳里的心跳2021》","
出品制作：上海文化广场剧院管理有限公司",
阿波罗尼亚,引进,上演,2020-08-28,"原版韩国，环境式音乐剧
原版剧本 李熙俊
作曲 朴贤淑
编曲 Uhm Da Hea","
出品制作：一台好戏文化传媒有限公司","导演：高瑞嘉
音乐总监：周可人
环境式编舞：刘艾
镜框版编舞：Joey McKneely 刘艾
中文版剧本：金琪 赵阳
中文版歌词译配：苗杰 金琪
舞美/服化造型设计：刘启薇 Sheryl Liu
灯光设计：杨冬青
音响设计：于乃坤
环境式音效设计：路雪
镜框版音效设计：路雪 陈雪立"
青城山下,原创,上演,2020-08-21,,"
创排出品：四川省歌舞剧院有限责任公司","总导演、编舞：叶飞
作词：董玉方
作曲：周瓅
编剧：李智颖
舞美设计：吴宇
服装造型设计：阳东霖"
涩女郎,原创,上演,2020-02-13,,"
出品制作：上海魅鲸文化有限公司",
春之觉醒,引进,上演,2020-01-10,原版美国,"
联合制作出品：上海文化广场剧院管理有限公司 泓洋国际",
快把我哥带走,原创,上演,2019-12-25,,"
联合出品：深圳市聚橙网络技术有限公司 快看漫画 芬格时代
联合制作：聚橙音乐剧 零纪演艺 ZeroGeneration",
FLAMES火焰,引进,上演,2019-12-24,原版英国，悬疑音乐剧,"
联合出品：缪时客 亚华湖院线","导演：闻小炜
编剧：王丽鹤 吕学平
作词：马达 王丽鹤"
想把我唱给您听,原创,上演,2019-12-24,,"
出品制作：北京柯音剧场文化传媒有限公司","出品人：徐轶尊
导演/编剧：小柯
制作人：谢秋
副导演：王得智
舞蹈编导：孙健文
音响多媒体：柯研
灯光师：刘意如
舞台监督：宋温暖 丽丽
宣传统筹：光束传媒
宣传策划：尹伊涓
造型设计：李萌"
面试,引进,上演,2019-12-19,原版韩国,"
制作方：上海文广演艺集团 SMG LIVE 演艺大世界·上海音乐剧艺术中心",
献给阿尔吉侬的花束,引进,上演,2019-12-11,"原版韩国
原版剧本/导演 李泫圭
作曲/音乐总监 张少瑛","
制作&出品：一台好戏文化传媒有限公司
共同制作：PAPA PRODUCTION
联合出品：大麦｜Mailive","中文版剧本改编/歌词译配：金琪
中文版歌词译配：苗杰
中方执行导演：韩婷
中方音乐总监：周可人
舞美设计：刘启薇 Sheryl Liu
灯光设计：杨冬青 苗春雨
服化造型设计：韩卓言"
吉屋出租,引进,上演,2019-11-30,原版美国,"
主办/制作：深圳市聚橙网络技术有限公司 聚橙音乐剧",
当爱已成往事,原创,上演,2019-11-22,,"
出品制作：北京环球百老汇文化发展有限公司 北京保利剧院管理有限公司","歌曲作词、作曲：李宗盛
导演、编剧：John Rando
中方编剧：邢爱娜
舞美设计：Derek McLane
编舞：Joshua Bergasse
编曲：周国仪 Mac Chew
音响设计：John Shivers David Patridga
灯光设计：Japhy Weideman
弦乐、和声编曲：李剑青"
帅小伙的蔬果店,引进,上演,2019-11-21,原版韩国,"
出品制作：缪时客",
醉后赢家,原创,上演,2019-11-01,,"
出品单位：北京开心麻花娱乐文化传媒股份有限公司 浙江开心麻花文旅发展有限公司
联合出品：戈多文化有限公司","导演、编剧、作词：马达
出品人：王亮
作曲：陈祺丰"
春上海1949,原创,上演,2019-10-01,,"
主办单位：上海音乐学院
承制单位：上海音乐学院音乐戏剧系","出品人：裴小倩
艺术总监：廖昌永
总监制：徐卫
总策划：曹荣瑞
总制作：冯磊
制作统筹：郭恺 汤隽杰 吴学霆 史明阳 乐佾真 陆驾云
项目统筹：韩斌 伍维曦 章斌
制作人：安栋
制作执行：吴佳 承倩雯
作词/编剧：林在勇
作曲：安栋
导演：钟浩 马良
舞美/灯光总设计：任冬生
音乐总监：安栋
舞蹈总监：李奇
音响总监：金少刚
声乐指导：汤爱民
配器：李林
艺术辅导：刘莎
音响设计：王南南
多媒体设计：程瑜怀
服化设计：刘辉"
血色湘江,原创,上演,2019-09-28,,"
出品制作：广西文化产业集团有限公司 广西演艺集团有限责任公司",
再见，1990,原创,上演,2019-06-12,,"
出品制作：广东歌舞剧院",
水曜日,引进,上演,2018-12-31,原版韩国,"
出品：中鱼文化",
我们还能陪妈妈多久,原创,上演,2018-12-08,,"
出品制作：北京你我他创星文化传媒有限公司","出品人：任成元
导演：曾慧诚 邬鑫"
求婚女王,引进,上演,2018-12-06,"改编自C MUSICAL制作《焢肉，遇见你》
原版编剧/词曲 张芯慈","
出品制作：开心麻花","出品人/艺术总监：王亮
总制作人：洪晔 才喻钧
制作总监：王依依
技术总监：管伟刚 谢彬
执行制作人：潘亚州 张梦琪
导演/改编编剧：王建华
音乐导演/作曲/编曲：孙嫣然
复排导演：李治良
歌词修改：王建华 孙卓然
作曲/编曲：韩晶如
音乐指导：曹小欠儿
舞美设计：范园园
灯光设计：赵磊
音响设计：牛建安
服装设计：陈煜华
服装造型：惠子"
兰波,引进,上演,2018-12-05,原版韩国,"
出品：南京海笑文化传播有限公司 芬格时代",
白夜行,原创,上演,2018-11-30,"官方授权：株式会社集英社
原作：东野圭吾","
出品/制作团队：染空间_上海欢翼文化传播有限公司","编剧：文雅 章明珠
导演/编舞：长谷川宁
音乐（作曲·编曲）：千住明
舞美设计：Daniel Ostling
灯光设计：陈焯华
服装设计：张国文清
多媒体设计：黄志伟
作词：俞璐 文雅 章明珠 黄雅洁 Ice EZ-Ven"
拉赫玛尼诺夫,引进,上演,2018-11-26,原版韩国,"
制作出品：上海文化广场剧院管理有限公司",
爱在星光里,原创,上演,2018-11-08,,"
出品：黑芝麻文化娱乐 上海文广演艺集团 SMG LIVE",
诗经·采薇,原创,上演,2018-10-20,,"
出品方：中琞文化产业投资有限公司","出品人：戴晓岚
总策划：许文利 刘建林
总监制：王红
艺术总监：叶小纲
总导演：王晓鹰
制作人：戴晓岚
音乐总监、作曲：邹航
剧本编写：戴有山 张鹏举
作词：梁芒 戴有山 左芝兰 张鹏举 黄祎
导演：刘璐
执行导演：袁岱
声乐指导：马子宁
舞台及道具设计：郭昕
灯光设计：高尚进 李锐
音响设计：冀翔
音响执行设计：张子阳
服装设计：阿宽
造型设计：贾雷
视觉设计：三石
绘图师：肖铮
视频制作：水木
舞蹈编导：唐佩瑜 秦瑞
舞台监督：李大智"
深夜食堂,原创,上演,2018-10-09,,"
主办方/制作方：深圳市聚橙网络技术有限公司 聚橙音乐剧",
信,引进,上演,2018-10-04,原版日本,"
出品制作：缪时客 上海星在文化传播有限公司",
马不停蹄的忧伤,原创,上演,2018-09-04,,"
出品制作：上海致敬文化传播有限公司",
西厢,原创,上演,2018-08-17,,"
出品制作：新绎文化发展有限公司",
月亮与六便士,原创,上演,2018-08-16,根据威廉· 萨默赛特·毛姆原作《月亮与六便士》改编,"
联合出品：缪时客 亚华湖院线","导演/编剧：俞颖
音乐总监：张博
作曲：张志林
作词/编剧：李然
编舞：王壹
舞美设计：赵铭硕
多媒体设计：于正
灯光设计：郭欣海
服装设计：刘辉"
近乎正常,引进,上演,2018-08-03,"原版美国
作曲 汤姆·基特 TOM KITT
编剧及作词 布赖恩·约克 BRIAN YORKEY","
出品制作：七幕人生","导演：约瑟夫·格雷夫斯 Joseph Graves
舞美设计：Mark Wendland
舞美装置灯光设置：KEVIN ADAMS
中方导演：张南
剧本译配：程何
音乐总监：赵继昀
灯光设计：陈侠吉
音响设计：王南南
服装和造型设计：陈芊希"
恋爱吧！人类,原创,上演,2018-07-12,,"
出品：开心麻花",
时光旅行局意外事件,原创,上演,2018-06-28,,"
出品：开心麻花",导演：魏玮
美女与野兽,引进,上演,2018-06-14,,"
出品制作：迪士尼",
灰姑娘,引进,上演,2018-05-24,百老汇音乐剧中文版,"
出品方：七幕人生 北京保利演出有限公司",
不一样的焰火,原创,上演,2018-05-18,,"
创作排演：济南市歌舞剧院",
长腿叔叔,引进,上演,2018-05-04,"原版美国
作曲及作词 保罗·戈顿
编剧 约翰·卡尔德
根据简·韦伯斯特小说改编
国际版权方：MTI","
出品方：深圳市聚橙网络技术有限公司
制作方：聚橙音乐剧",
I DO！I DO！,引进,上演,2018-04-06,原版美国,"
出品制作：深圳市聚橙网络技术有限公司 聚橙音乐剧 上海合翮文化传播有限公司",
牵魂线,原创,上演,2018-04-03,漫瀚调音乐剧,"
出品制作：准格尔旗漫瀚调艺术展演中心",
花儿与号手,原创,上演,2018-03-19,,"
创作演出：宁夏演艺集团歌舞剧院","总导演：王晓鹰
艺术总监：范晋国
出品人：陈丽云
作曲：温中甲 刘闻
文学顾问、编剧：李春喜
编剧、歌词写作：张宗灿 冯静
副总导演：信洪海"
我变了我没变,原创,上演,2018-01-06,,"
出品制作：北京柯音剧场文化传媒有限公司",
摇滚年代,引进,上演,2018-01-05,原版美国,"
出品/制作方：缪时客 涵金文化","出品人/总制作人：覃子瑄
导演：丁伟
音乐总监：李俊成
声乐指导：杜鑫艳
舞蹈队长：郑杰霖 赵雨卉
服装设计：刘辉
歌词译配：赵倩 覃子瑄 刘令飞
舞美设计：叶丹青
灯光设计：董思杰"
过去五年,引进,上演,2017-12-22,原版美国,"
出品制作：北京奥哲维文化传播有限公司 缪时客",
四两青春,原创,上演,2017-12-07,原名《繁花尽落的青春》,"
制作出品：上海音乐厅管理有限公司",
隐婚男女,原创,上演,2017-11-15,,"
出品：北京丽泽信达文化公司
制作：新绎文化发展有限公司
驻演版出品：布洛幕（南京）文化娱乐传媒有限公司
驻演版联合出品：聚有戏（上海）文化传媒有限公司","导演：高瑞嘉
音乐总监/作曲/作词：魏诗泉
编舞：刘艾
驻演版导演：刘牧
驻演版舞美设计：石睿
驻演版灯光设计：陈沛桦"
秋裤和擀面杖,原创,上演,2017-10-19,,"
出品制作：北京蚂蚁脚印文化有限公司","制作人：薛小宁
编剧：张文潇 李猛
词曲：李猛
导演：李猛
首演版导演：张文潇
编舞：牛俊杰
编曲：许昊珂
灯光设计：金德超
服装设计：莫然
造型设计：徐彬
舞台监督：罗宇琨"
梵高,引进,上演,2017-09-30,原版韩国,"
出品制作：缪时客",
我的遗愿清单,引进,上演,2017-08-08,"原版韩国
制作人：姜秉沅
制作出品：LIVE Corp.
作曲：金潓成","
出品制作：上海文化广场剧院管理有限公司","艺术监制：费元洪
导演：何念 马达
副导演：程佩弦
编舞：刘艾
音乐总监：姜清华
复排音乐总监：余宏
歌词译配：歌特
舞美设计：徐肖寰
灯光设计：孔庆尧
造型设计：诸雅"
变身怪医,引进,上演,2017-07-28,原版美国,"
present（2017）：华人希杰文化 OD Company
出品（2020）：兰境文化AMAZELAND 大麦｜Mailive OD Company",
谋杀歌谣,引进,上演,2017-07-05,原版美国,"
出品：华人梦想","出品人：陈西加
监制：鲁勃良
制作人：陈磊
艺术总监 / 导演：刘令飞
执行导演 / 肢体指导：吴芷葳
中文版编曲：陈思扬
音乐总监：姜清华
执行音乐总监：吴涵婧
声乐指导：朴胥贺
舞美设计：李奥 房小群
灯光设计：郭欣海
音响设计：马斯琪
服装造型设计：张梦婷
梦幻乐园版舞美设计：秦冠杰
梦幻乐园版灯光设计：刘怡兰 孙嘉泽
梦幻乐园版音响设计：刘宇雪
梦幻乐园版服装设计：JLbespoke"
袁隆平,原创,上演,2017-06-18,,"
出品制作：湖南省歌舞剧院",
国王游戏,原创,上演,2017-05-04,,"
出品：又戏又乐时代戏剧工厂","制作人/导演：范幸华
编剧：陆雅馨
作曲：徐唯尊"
阿尔兹记忆的爱情,原创,上演,2017-04-05,,"
出品：北京清心文化有限责任公司 福星全亚文化传媒（上海）有限公司
联合出品：云南无冕文化产业投资有限公司 上海鑫岩文化传媒有限公司 湖南源点影视文化传播有限公司",
朝暮有情人,原创,上演,2017-03-04,,"
联合制作：香港音乐剧旗舰剧团演戏家族 广州大剧院管理有限公司",
麦琪的礼物,原创,上演,2016-12-06,,"
出品制作：四川人民艺术剧院",
万万不能,原创,上演,2016-11-19,,,"出品人：徐轶尊
导演/编剧：小柯
制作人：谢秋
副导演：王得智
舞蹈编导：孙健文"
虎门销烟,原创,上演,2016-11-08,,"
出品：中共东莞市委宣传部 东莞市文化广电新闻出版局 东莞市东城街道办事处 北京保利剧院管理有限公司
创作排演：东莞保利文化演艺团有限公司 北京演出有限公司",
桃花笺,原创,上演,2016-10-12,,"
出品制作：苏州市歌舞剧院",
小城之春,原创,上演,2016-10-11,"原著：李天济
上海文化发展基金会舞台艺术资助项目","
演出制作：上海现代人剧社","改编：陈新瑜
导演：王芳
复排导演：赵倩
作曲：吴唯 马苏
作词：田辰明
舞美设计：叶丹青"
音乐之声,引进,上演,2016-09-03,原版美国,"
出品制作：七幕人生",
危险游戏,引进,上演,2016-07-01,"外百老汇悬疑音乐剧中文版
编剧/作词/作曲：Stephen Dolginoff","
2020版出品制作：上海致敬文化传播有限公司
2025版出品制作：此刻制作LightsOn","导演：朴智慧
音乐总监：颜嘉瑄"
洗衣服,引进,上演,2016-06-23,原版韩国,"
出品方：龙马社",
当焦媛遇上邓丽君,原创,上演,2016-01-10,,,导演：焦媛 高志森
百万约定,原创,上演,2015-12-24,,,"出品人：徐轶尊
导演/编剧：小柯
制作人：谢秋
副导演：王得智
舞蹈编导：孙健文
音响多媒体：柯研
灯光师：刘意如
舞台监督：宋温暖
造型设计：李萌"
如果,原创,上演,2015-12-22,,"
制作/出品：上海魅鲸文化有限公司
出品：一台好戏文化传媒有限公司 亚华湖院线","出品人：王作文 席锡奇 邵先磊 汉坤 阮豪
总制作人：王作文 邵先磊
制作人：宛谳
剧本顾问：杨心彦
助理编剧：秦迪
作曲：徐唯尊 李锐涵 顾易
导演：李秋盟
音乐总监：蒋骁然
舞美设计：秦冠杰
灯光设计：成瑜
服装造型设计：顾文嫣"
我，堂吉诃德,引进,上演,2015-12-18,"百老汇经典音乐剧中文版
原版作者：
剧本：戴尔·沃瑟曼 Dale Wasserman
词作者：乔·达利安 Joe Darion
曲作者：米奇·雷 Mitch Leigh","
出品制作：七幕人生","十周年纪念版导演：约瑟夫·格雷夫斯 Joseph Graves
十周年纪念版中方导演：张南
十周年纪念版中文译配：程何
十周年纪念版音乐总监：赵继昀
十周年纪念版编舞：俞辰曦
十周年纪念版服装设计及舞美升级设计：夏洛特·莱恩 Charlotte Lane
十周年纪念版灯光设计：何逸伦
十周年纪念版音响设计：杨琪晟"
黄四姐,原创,上演,2015-11-24,土家乡村音乐剧,"
出品制作：湖北省演艺集团 湖北省民族歌舞团",
又见桃花红,原创,上演,2015-10-28,,"
出品制作：苏州市歌舞剧院",
火花,原创,上演,2015-10-22,,"
出品制作：山西演艺集团 山西省歌舞剧院",
啊！鼓岭,原创,上演,2015-06-10,,,"导演：Joey McKneely
编剧：周可
作曲：金培达
作词：梁芒
舞美设计：刘启薇 Sheryl Liu"
因味爱，所以爱,原创,上演,2015-06-05,,"
出品/制作方：缪时客
联合出品：亚华湖院线","2024驻演轮导演：刘钊
作曲：张志林
编曲：徐肖
联合编曲：魏诗泉 王禹鑫
编剧/作词：陈天然
2024驻演轮编剧：赵雪韵
编舞：徐华杉
技术总监：李会军
灯光设计：陈沛桦 刘德涵
音响设计：李会军 刘继仁
服装设计：缪时客服化
多媒体设计：刘玉东"
摇滚·西厢,原创,上演,2015-06-05,,"
出品制作：新绎文化发展有限公司",
小时代,引进,上演,2015-05-07,,"
出品（2015）：上海锦辉艺术传播股份有限公司 SMG演艺中心 时尚集团
出品（2016）：上海锦辉艺术传播股份有限公司 上海市演出公司 时尚集团",
因为爱情2,原创,上演,2015-03-21,,"
出品制作：北京柯音剧场文化传媒有限公司",
聂小倩与宁采臣,原创,上演,2014-12-06,,"
出品：东莞市东城街道办事处 北京保利剧院管理有限公司",
拜访森林,引进,上演,2014-11-08,原版美国，曾译名《森林诱惑》,"
出品制作：新绎文化发展有限公司",
等你爱我,原创,上演,2014-08-23,,"
出品制作：北京柯音剧场文化传媒有限公司",
梁祝的继承者们,原创,上演,2014年5月,,,
王二的长征,原创,上演,2013-11-23,,"
联合出品：中共东莞市委宣传部 东莞市文化广电新闻出版局 东莞市东城街道办事处 北京保利剧院管理有限公司
联合制作：东莞市东城区文化服务中心 东莞（东城）保利文化艺术制作基地 东莞保利文化演艺团有限公司 北京保利演出有限公司",
稳稳的幸福,原创,上演,2013-11-20,,"
出品制作：北京柯音剧场文化传媒有限公司",
Q大道,引进,上演,2013-10-16,原版美国,"
出品制作：七幕人生",
情动哈尔滨,原创,上演,2013-08-26,,"
出品制作：哈尔滨歌剧院",
寻找初恋,引进,上演,2013-06-06,原版韩国,"
出品制作：亚洲联创",
钢的琴,原创,上演,2012-10-24,原著：张猛,"
出品单位：中共东莞市委宣传部 东莞市文化广电新闻出版局 东莞市东城街道办事处 北京保利剧院管理有限公司
制作单位：东莞市东城街道办事处 东莞（东城）保利文化艺术制作基地 东莞保利文化演艺团有限公司 北京保利演出有限公司
创作团队：三宝音乐工作室
演出单位：东莞（东城）保利文化演艺团","艺术总监.作曲：三宝
编剧.作词：关山
制作人：雷婷
导演：王婷婷"
文成公主,原创,上演,2012-10-10,,"
出品：中共拉萨市委 拉萨市人民政府 西藏自治区党委宣传部
承办：拉萨布达拉旅游文化集团有限公司 山水盛典文化产业有限公司",
猫,引进,上演,2012-08-17,原版英国,"
出品制作：亚洲联创",
会社人间,原创,上演,2012年,,"
出品制作：香港音乐剧艺术学院",词曲：郑君炽
三毛流浪记,原创,上演,2011-07-16,,"
出品单位：中共东莞市委宣传部 东莞市文化广电新闻出版局 北京保利剧院管理有限公司
制作公司：东莞市保利玉兰大剧院管理有限公司 北京保利演出有限公司
创作团队：三宝音乐工作室","制作人：雷婷
导演：王婷婷
作曲、艺术总监：三宝
作词、编剧：关山"
妈妈咪呀！,引进,上演,2011-07-08,原版英国,"
2011出品：亚洲联创
2018出品：华人梦想
2019出品：华人文化
2019制作：华人梦想",
桂花雨,原创,上演,2009-08-07,,"
出品：中共广西壮族自治区委员会宣传部 广西壮族自治区文化和旅游厅
联合出品：广西文化产业集团有限公司","编剧：安荣青 张仁胜
作曲：傅磬 程远
导演：胡磊 张帝莎
舞美设计：刘科栋
舞蹈编导：张帝莎 温海夫 胡磊
舞美制作总监：王志强
灯光设计：韩江 刘平春
音响设计：刘勃
服装设计：王彦
视频设计：束镛
造型设计：贾雷
道具设计：何永太"
花儿与少年,原创,上演,2009-06-17,,"
出品制作：甘肃省歌剧院",
空中花园谋杀案,原创,上演,2009-05-26,,"
出品制作：孟京辉戏剧工作室","编剧：史航 孟京辉
导演：孟京辉
作曲：张然 王闯
作词：孙健
舞美设计：张武
灯光设计：王琦
编舞：张文潇
音乐总监：华山
现场乐队：EB Virus乐队"
未来组合2008,原创,上演,2009-05-20,,"
出品制作：四川人民艺术剧院",
蝶,原创,上演,2007-09-11,李盾制作、三宝作曲,"
出品：松雷集团",
I LOVE YOU…,引进,上演,2006-12-09,"百老汇音乐剧中文版
全名《I Love You, You’re Perfect, Now Change!》
原著/歌词：乔·迪皮尔特欧 Joe DiPietro
音乐：杰米·罗伯茨 Jimmy Roberts，James Hammerstein，Bernie Kukoff 和Jonathan Pollard 于纽约首创 
原创导演：乔伊·比肖夫 Joel Bishoff
原创制作公司：American Stage Company","
制作出品：上海话剧艺术中心 百老汇亚洲公司","翻译、改编：喻荣军
导演：周小倩
音乐总监：姜清华
编舞：张恩淑（韩国）
舞美设计：焦燃"
金沙,原创,上演,2005-04-08,,"
出品：成都演艺集团","作曲/总导演：三宝
编剧/导演/作词：关山
执行导演：刘天池
编舞：韦强
音响师：金少刚
舞美设计：张慧
灯光设计：邢辛
服装设计：文戈
多媒体设计：王蓬
音乐录音混音及动效设计：曲然
制作人：李苏友
出品人：业丹"
恋爱轻飘飘,原创,上演,2002年,,"
出品制作：香港音乐剧旗舰剧团演戏家族","编剧：彭镇南
导演：温廸伦"
未来组合,原创,上演,1999年3月,,"
出品制作：四川人民艺术剧院",
雪狼湖,原创,上演,1997-03-28,2004年改编国语版,"
出品制作：天星文化娱乐",
